,LemasSwFTPerPop,OwnOccHiQuart,OwnOccMedVal,PolicPerPop,ViolentCrimesPerPop,community,communityname,county,fold,numbUrban,perCapInc,state,whitePerCap
200,0.217460815047,0.13,0.16,0.217492163009,0.18,?,NorthLauderdalecity,?,2,0.04,0.28,12,0.3
201,0.217460815047,0.51,0.51,0.217492163009,0.13,40620,LittleFallstownship,31,2,0.02,0.55,34,0.55
202,0.217460815047,0.02,0.03,0.217492163009,0.29,?,LakeStationcity,?,2,0.02,0.18,18,0.17
203,0.217460815047,0.54,0.54,0.217492163009,0.68,?,Artesiacity,?,2,0.02,0.26,6,0.33
204,0.217460815047,0.15,0.16,0.217492163009,0.05,23832,Ephrataborough,71,2,0.0,0.33,42,0.32
205,0.09,0.15,0.14,0.09,0.16,?,Eugenecity,?,2,0.18,0.3,41,0.3
206,0.12,0.93,0.94,0.12,0.26,?,Torrancecity,?,2,0.21,0.58,6,0.6
207,0.217460815047,0.06,0.05,0.217492163009,0.19,?,VanWertcity,?,2,0.0,0.23,39,0.22
208,0.217460815047,0.48,0.51,0.217492163009,0.03,40115,Melrosecity,17,2,0.04,0.52,25,0.5
209,0.217460815047,0.2,0.19,0.217492163009,0.15,?,Clemsoncity,?,2,0.0,0.3,45,0.32
210,0.217460815047,0.24,0.25,0.217492163009,0.29,?,Hyattsvillecity,?,2,0.02,0.37,24,0.4
211,0.217460815047,0.1,0.09,0.217492163009,0.01,?,Viennacity,?,2,0.02,0.36,54,0.33
212,0.217460815047,0.18,0.19,0.217492163009,0.66,?,OaklandParkcity,?,2,0.04,0.35,12,0.38
213,0.217460815047,0.5,0.54,0.217492163009,0.05,65280,Rutherfordborough,3,2,0.03,0.53,34,0.54
214,0.217460815047,0.18,0.16,0.217492163009,0.27,?,Mansfieldcity,?,2,0.0,0.32,48,0.32
215,0.217460815047,0.3,0.3,0.217492163009,0.49,?,Lodicity,?,2,0.08,0.33,6,0.33
216,0.217460815047,0.13,0.13,0.217492163009,0.08,?,RoundRockcity,?,2,0.0,0.26,48,0.27
217,0.217460815047,0.09,0.1,0.217492163009,0.04,?,SpanishForkcity,?,2,0.0,0.12,49,0.11
218,0.217460815047,0.07,0.06,0.217492163009,0.16,21344,Danvillecity,590,2,0.08,0.21,51,0.28
219,0.217460815047,0.22,0.24,0.217492163009,0.06,71990,SouthPortlandcity,5,2,0.04,0.33,23,0.32
220,0.217460815047,0.08,0.08,0.217492163009,0.04,83975,Watertowncity,55,2,0.0,0.22,55,0.2
221,0.217460815047,0.37,0.41,0.217492163009,0.31,56979,Peekskillcity,119,2,0.03,0.39,36,0.43
222,0.2,0.09,0.1,0.2,0.36,41216,Lancastercity,71,2,0.09,0.19,42,0.24
223,0.217460815047,0.15,0.16,0.217492163009,0.05,1798,Amherstcity,93,2,0.02,0.35,39,0.33
224,0.217460815047,0.08,0.08,0.217492163009,0.16,26275,FondduLaccity,39,2,0.0,0.25,55,0.24
225,0.217460815047,0.07,0.05,0.217492163009,0.1,?,Sheffieldcity,?,2,0.02,0.19,1,0.22
226,0.217460815047,0.05,0.03,0.217492163009,0.74,?,Pariscity,?,2,0.0,0.17,48,0.2
227,0.2,0.23,0.26,0.2,0.19,54640,Pawtucketcity,7,2,0.11,0.26,44,0.27
228,0.217460815047,0.08,0.06,0.217492163009,0.63,?,Newberrytown,?,2,0.0,0.14,45,0.23
229,1.0,0.24,0.21,1.0,0.42,?,Decaturcity,?,2,0.03,0.37,13,0.53
230,0.217460815047,0.02,0.02,0.217492163009,0.04,?,FortMadisoncity,?,2,0.0,0.2,19,0.19
231,0.217460815047,0.08,0.07,0.217492163009,0.06,44328,Logantownship,13,2,0.01,0.22,42,0.21
232,0.217460815047,0.12,0.12,0.217492163009,0.2,?,Wenatcheecity,?,2,0.0,0.24,53,0.25
233,0.32,0.37,0.36,0.32,0.88,52070,NewHaventown,9,2,0.21,0.27,9,0.36
234,0.217460815047,0.34,0.36,0.217492163009,0.12,17475,Dracuttown,17,2,0.03,0.39,25,0.37
235,0.217460815047,0.09,0.08,0.217492163009,0.11,?,Enniscity,?,2,0.0,0.18,48,0.24
236,0.217460815047,0.39,0.44,0.217492163009,0.27,?,Marinacity,?,2,0.04,0.21,6,0.25
237,0.217460815047,0.16,0.15,0.217492163009,0.02,11950,Caledoniatown,101,2,0.03,0.39,55,0.38
238,0.217460815047,0.32,0.33,0.217492163009,0.37,76030,Westfieldcity,13,2,0.06,0.31,25,0.3
239,0.217460815047,0.2,0.2,0.217492163009,0.18,?,Auburncity,?,2,0.05,0.3,53,0.3
240,0.217460815047,0.72,0.69,0.217492163009,0.04,1465,Andovertown,9,2,0.04,0.73,25,0.71
241,0.217460815047,0.07,0.06,0.217492163009,0.12,42168,Lebanoncity,75,2,0.0,0.21,42,0.21
242,0.217460815047,0.2,0.19,0.217492163009,0.32,?,Visaliacity,?,2,0.12,0.27,6,0.32
243,0.08,0.42,0.44,0.08,0.54,?,ElMontecity,?,2,0.17,0.1,6,0.1
244,0.217460815047,0.07,0.08,0.217492163009,0.18,86772,Xeniacity,57,2,0.0,0.2,39,0.2
245,0.217460815047,0.47,0.45,0.217492163009,0.25,?,Napacity,?,2,0.1,0.38,6,0.38
246,0.217460815047,0.49,0.51,0.217492163009,0.7,?,Bellflowercity,?,2,0.1,0.31,6,0.34
247,0.217460815047,0.07,0.07,0.217492163009,0.22,?,NewPortRicheycity,?,2,0.02,0.21,12,0.2
248,0.25,0.11,0.1,0.25,1.0,?,Spartanburgcity,?,2,0.07,0.24,45,0.38
249,0.217460815047,0.08,0.08,0.217492163009,0.03,40775,LaCrossecity,63,2,0.08,0.2,55,0.2
250,0.0,0.2,0.16,0.0,0.74,?,Charlottecity,?,2,0.63,0.4,37,0.51
251,0.26,0.12,0.11,0.26,0.63,?,Lakelandcity,?,2,0.11,0.29,12,0.33
252,0.217460815047,0.37,0.35,0.217492163009,0.05,?,Carmelcity,?,2,0.04,0.68,18,0.67
253,0.217460815047,0.36,0.4,0.217492163009,0.09,68460,Somervilleborough,35,2,0.02,0.43,34,0.46
254,0.217460815047,0.22,0.18,0.217492163009,0.04,32328,Hamptontownship,3,2,0.02,0.51,42,0.49
255,0.19,0.1,0.1,0.19,0.93,?,NorthCharlestoncity,?,2,0.11,0.18,45,0.22
256,0.217460815047,0.04,0.02,0.217492163009,0.19,?,PoplarBluffcity,?,2,0.0,0.13,29,0.13
257,0.217460815047,0.21,0.21,0.217492163009,0.06,21344,EastLampetertownship,71,2,0.01,0.4,42,0.39
258,0.217460815047,0.05,0.05,0.217492163009,0.03,?,Clarksburgcity,?,2,0.0,0.18,54,0.18
259,0.217460815047,0.01,0.0,0.217492163009,0.1,?,Pecoscity,?,2,0.0,0.08,48,0.07
260,0.217460815047,0.06,0.05,0.217492163009,0.53,?,LaPortecity,?,2,0.0,0.24,18,0.24
261,0.217460815047,0.11,0.1,0.217492163009,0.59,?,WinterHavencity,?,2,0.04,0.31,12,0.37
262,0.31,0.15,0.12,0.31,0.67,67000,Richmondcity,760,2,0.32,0.3,51,0.52
263,0.217460815047,0.56,0.53,0.217492163009,0.01,14160,Cheshiretown,9,2,0.03,0.62,9,0.63
264,0.217460815047,0.29,0.31,0.217492163009,0.05,18640,Coventrytown,3,2,0.04,0.32,44,0.31
265,0.217460815047,0.14,0.11,0.217492163009,0.14,?,OakRidgecity,?,2,0.0,0.43,47,0.41
266,0.05,0.12,0.11,0.05,0.35,?,Montgomerycity,?,2,0.3,0.26,1,0.39
267,0.217460815047,0.07,0.08,0.217492163009,0.17,?,Overlandcity,?,2,0.03,0.27,29,0.27
268,0.217460815047,0.08,0.07,0.217492163009,0.05,?,Maryvillecity,?,2,0.0,0.13,29,0.12
269,0.217460815047,0.24,0.25,0.217492163009,0.69,27025,Greenfieldtown,11,2,0.0,0.29,25,0.28
270,0.217460815047,0.36,0.39,0.217492163009,0.11,67945,Stoughtontown,21,2,0.04,0.42,25,0.4
271,0.217460815047,0.12,0.09,0.217492163009,0.24,?,Kingsportcity,?,2,0.06,0.3,47,0.29
272,0.217460815047,0.2,0.2,0.217492163009,0.35,?,WiltonManorscity,?,2,0.02,0.39,12,0.42
273,0.217460815047,0.05,0.05,0.217492163009,0.27,?,MichiganCitycity,?,2,0.0,0.19,18,0.22
274,0.217460815047,0.35,0.38,0.217492163009,0.13,18455,EastBridgewatertown,23,2,0.01,0.34,25,0.32
275,0.217460815047,0.31,0.34,0.217492163009,0.36,?,Pittsburgcity,?,2,0.08,0.29,6,0.34
276,0.217460815047,0.07,0.06,0.217492163009,0.34,?,PhenixCitycity,?,2,0.04,0.16,1,0.24
277,0.18,0.42,0.45,0.18,0.08,74190,Stratfordtown,1,2,0.08,0.46,9,0.46
278,0.217460815047,0.25,0.27,0.217492163009,0.05,59980,Plainfieldtown,15,2,0.0,0.27,9,0.25
279,0.217460815047,0.12,0.12,0.217492163009,0.03,7200,Bismarckcity,15,2,0.08,0.28,38,0.27
280,0.217460815047,0.07,0.07,0.217492163009,0.03,?,Stephenvillecity,?,2,0.0,0.19,48,0.19
281,0.217460815047,0.44,0.41,0.217492163009,0.12,16775,Dennistown,1,2,0.01,0.35,25,0.34
282,0.217460815047,0.15,0.14,0.217492163009,0.06,20352,Dunmoreborough,69,2,0.02,0.27,42,0.26
283,0.217460815047,0.13,0.14,0.217492163009,0.32,?,Englewoodcity,?,2,0.05,0.29,8,0.28
284,0.217460815047,0.32,0.37,0.217492163009,0.19,10750,Carteretborough,23,2,0.03,0.34,34,0.36
285,0.217460815047,0.06,0.06,0.217492163009,0.14,?,LaMarquecity,?,2,0.02,0.25,48,0.3
286,0.217460815047,0.38,0.37,0.217492163009,0.51,41310,LongBranchcity,25,2,0.05,0.38,34,0.44
287,0.217460815047,0.54,0.52,0.217492163009,0.01,4500,Bedfordtown,11,2,0.0,0.71,33,0.69
288,0.217460815047,0.09,0.07,0.217492163009,0.59,?,Greenvillecity,?,2,0.0,0.24,48,0.29
289,0.217460815047,0.39,0.37,0.217492163009,0.09,77570,Westporttown,5,2,0.01,0.36,25,0.34
290,0.217460815047,0.17,0.17,0.217492163009,0.1,41610,Lowertownship,9,2,0.0,0.26,34,0.25
291,0.217460815047,0.39,0.28,0.217492163009,0.09,86160,Williamsburgcity,830,2,0.02,0.23,51,0.25
292,0.217460815047,0.2,0.21,0.217492163009,0.03,78736,UpperAllentownship,41,2,0.02,0.43,42,0.42
293,0.16,0.15,0.15,0.16,0.28,2000,Allentowncity,77,2,0.17,0.26,42,0.28
294,0.217460815047,0.11,0.09,0.217492163009,0.1,43344,Libertytownship,155,2,0.04,0.34,39,0.31
295,0.217460815047,0.37,0.39,0.217492163009,0.12,65790,Sayrevilleborough,23,2,0.06,0.45,34,0.44
296,0.13,0.62,0.59,0.13,0.67,?,LongBeachcity,?,2,0.68,0.36,6,0.5
297,0.217460815047,0.82,0.76,0.217492163009,0.02,47670,Montvilletownship,27,2,0.02,0.85,34,0.84
298,0.217460815047,0.47,0.49,0.217492163009,0.29,?,Fillmorecity,?,2,0.0,0.19,6,0.2
299,0.217460815047,0.11,0.1,0.217492163009,0.36,?,Vancouvercity,?,2,0.07,0.25,53,0.25
300,0.217460815047,0.13,0.12,0.217492163009,0.11,?,Delawarecity,?,2,0.0,0.24,39,0.23
301,0.217460815047,0.08,0.06,0.217492163009,0.03,?,FortPaynecity,?,2,0.0,0.2,1,0.19
302,0.217460815047,0.12,0.13,0.217492163009,0.35,?,Northportcity,?,2,0.03,0.26,1,0.31
303,0.217460815047,0.2,0.12,0.217492163009,0.25,?,Daltoncity,?,2,0.0,0.35,13,0.36
304,0.217460815047,0.08,0.08,0.217492163009,0.06,?,Bethanycity,?,2,0.03,0.25,40,0.24
305,0.38,1.0,1.0,0.38,0.45,?,BeverlyHillscity,?,2,0.05,1.0,6,1.0
306,0.217460815047,0.08,0.07,0.217492163009,0.23,?,Baytowncity,?,2,0.1,0.27,48,0.32
307,0.217460815047,0.03,0.02,0.217492163009,0.32,88084,Zanesvillecity,119,2,0.0,0.15,39,0.15
308,0.217460815047,0.37,0.37,0.217492163009,0.04,49020,MountLaureltownship,5,2,0.04,0.62,34,0.6
309,0.217460815047,0.86,0.85,0.217492163009,0.02,5070,Belmonttown,17,2,0.04,0.75,25,0.73
310,0.217460815047,0.1,0.12,0.217492163009,0.16,?,Arnoldcity,?,2,0.03,0.26,29,0.24
311,0.217460815047,0.23,0.23,0.217492163009,0.12,26760,Gloucestertownship,7,2,0.08,0.35,34,0.34
312,0.26,0.42,0.43,0.26,0.2,3580,Bayonnecity,17,2,0.1,0.38,34,0.38
313,0.18,0.04,0.03,0.18,0.51,12000,Cantoncity,151,2,0.13,0.17,39,0.18
314,0.217460815047,0.36,0.41,0.217492163009,0.18,53280,NorthPlainfieldborough,35,2,0.03,0.48,34,0.48
315,0.25,0.05,0.06,0.25,0.3,51055,NiagaraFallscity,63,2,0.1,0.2,36,0.21
316,0.217460815047,0.13,0.11,0.217492163009,0.37,?,Monroecity,?,2,0.0,0.2,37,0.3
317,0.217460815047,0.12,0.13,0.217492163009,0.31,?,Sangercity,?,2,0.0,0.11,6,0.18
318,0.217460815047,0.12,0.14,0.217492163009,0.04,9246,Brooklyncity,35,2,0.02,0.3,39,0.28
319,0.217460815047,0.26,0.26,0.217492163009,0.18,?,Ukiahcity,?,2,0.0,0.22,6,0.23
320,0.217460815047,0.11,0.11,0.217492163009,0.48,?,Georgetowncity,?,2,0.0,0.19,21,0.19
321,0.217460815047,0.07,0.04,0.217492163009,0.09,?,Duncancity,?,2,0.0,0.23,40,0.24
322,0.217460815047,0.26,0.25,0.217492163009,0.07,4860,Biddefordcity,31,2,0.0,0.25,23,0.23
323,0.11,0.08,0.1,0.11,0.27,?,Killeencity,?,2,0.1,0.15,48,0.19
324,0.217460815047,0.39,0.39,0.217492163009,0.3,?,Antiochcity,?,2,0.1,0.34,6,0.34
325,0.217460815047,0.13,0.12,0.217492163009,0.34,?,Nogalescity,?,2,0.0,0.09,4,0.11
326,0.217460815047,0.04,0.03,0.217492163009,0.07,93218,Oskaloosacity,123,2,0.0,0.2,19,0.19
327,0.217460815047,0.2,0.18,0.217492163009,0.17,?,Hendersonvillecity,?,2,0.05,0.37,47,0.36
328,0.217460815047,0.21,0.21,0.217492163009,0.17,26340,Glassboroborough,15,2,0.02,0.26,34,0.28
329,0.217460815047,0.72,0.68,0.217492163009,0.34,?,SanGabrielcity,?,2,0.06,0.29,6,0.4
330,0.217460815047,0.11,0.12,0.217492163009,0.07,36610,HuberHeightscity,113,2,0.06,0.31,39,0.3
331,0.217460815047,0.17,0.17,0.217492163009,0.35,?,Hurstcity,?,2,0.05,0.39,48,0.39
332,0.217460815047,0.76,0.69,0.217492163009,0.04,79040,Westfieldtown,39,2,0.05,0.88,34,0.89
333,0.217460815047,0.15,0.14,0.217492163009,1.0,2080,AtlanticCitycity,1,2,0.06,0.23,34,0.37
334,0.217460815047,0.05,0.05,0.217492163009,0.48,?,Palestinecity,?,2,0.0,0.17,48,0.22
335,0.217460815047,0.33,0.37,0.217492163009,0.03,33144,Haverfordtownship,45,2,0.08,0.53,42,0.52
336,0.217460815047,0.17,0.14,0.217492163009,0.07,?,Provocity,?,2,0.14,0.11,49,0.11
337,0.217460815047,0.25,0.24,0.217492163009,0.05,83342,Westervillecity,49,2,0.05,0.44,39,0.42
338,0.19,0.32,0.36,0.19,0.12,82870,WestHaventown,9,2,0.09,0.37,9,0.37
339,0.217460815047,0.12,0.13,0.217492163009,0.04,?,Portlandcity,?,2,0.02,0.31,48,0.3
340,0.217460815047,0.37,0.36,0.217492163009,0.08,18130,Dovertownship,29,2,0.11,0.42,34,0.4
341,0.217460815047,0.15,0.15,0.217492163009,0.1,61714,Perkinstownship,43,2,0.0,0.37,39,0.37
342,0.217460815047,0.84,0.86,0.217492163009,0.0,28950,Harvardtown,27,2,0.0,0.44,25,0.47
343,0.217460815047,0.12,0.12,0.217492163009,0.04,53682,NorthTonawandacity,63,2,0.06,0.26,36,0.25
344,0.217460815047,0.08,0.08,0.217492163009,0.02,50825,Menashacity,139,2,0.02,0.27,55,0.26
345,0.1,0.08,0.09,0.1,0.18,31000,GreenBaycity,9,2,0.15,0.27,55,0.27
346,0.09,0.39,0.33,0.09,0.58,?,Seattlecity,?,2,0.82,0.45,53,0.51
347,0.217460815047,0.13,0.13,0.217492163009,0.08,?,Greeleycity,?,2,0.1,0.22,8,0.22
348,0.217460815047,0.5,0.53,0.217492163009,0.04,30420,HasbrouckHeightsborough,3,2,0.02,0.56,34,0.54
349,0.217460815047,0.15,0.16,0.217492163009,0.09,?,Pullmancity,?,2,0.0,0.14,53,0.14
350,0.217460815047,0.42,0.41,0.217492163009,0.06,18080,Cromwelltown,7,2,0.02,0.53,9,0.51
351,0.217460815047,0.14,0.13,0.217492163009,0.08,86548,Woostercity,169,2,0.0,0.31,39,0.31
352,0.217460815047,0.07,0.06,0.217492163009,0.08,100,Aberdeencity,13,2,0.0,0.23,46,0.22
353,0.217460815047,0.11,0.12,0.217492163009,0.1,46410,Madisontownship,49,2,0.02,0.28,39,0.26
354,0.217460815047,0.14,0.14,0.217492163009,0.03,?,Oremcity,?,2,0.11,0.16,49,0.15
355,0.217460815047,0.09,0.1,0.217492163009,0.28,28640,Genevacity,69,2,0.0,0.2,36,0.21
356,0.217460815047,0.41,0.45,0.217492163009,0.06,52490,Peabodycity,9,2,0.07,0.41,25,0.4
357,0.217460815047,0.46,0.5,0.217492163009,0.04,65340,SaddleBrooktownship,3,2,0.02,0.48,34,0.45
358,0.217460815047,0.02,0.02,0.217492163009,0.03,?,Logansportcity,?,2,0.0,0.17,18,0.17
359,0.217460815047,0.09,0.09,0.217492163009,0.07,?,Mustangcity,?,2,0.02,0.26,40,0.26
360,0.217460815047,0.12,0.11,0.217492163009,0.41,?,Enterprisecity,?,2,0.0,0.25,1,0.29
361,0.217460815047,0.09,0.09,0.217492163009,0.22,?,Fergusoncity,?,2,0.04,0.29,29,0.31
362,0.25,0.07,0.05,0.25,1.0,?,Birminghamcity,?,2,0.42,0.17,1,0.33
363,0.217460815047,0.09,0.1,0.217492163009,0.1,?,Newbergcity,?,2,0.0,0.21,41,0.2
364,0.217460815047,0.1,0.11,0.217492163009,0.06,?,Keizercity,?,2,0.03,0.27,41,0.27
365,0.2,0.05,0.04,0.2,0.45,?,SouthBendcity,?,2,0.17,0.23,18,0.27
366,0.16,0.05,0.05,0.16,0.32,24000,Eriecity,49,2,0.17,0.19,42,0.2
367,0.217460815047,0.05,0.03,0.217492163009,0.14,?,Uvaldecity,?,2,0.0,0.1,48,0.14
368,0.217460815047,0.17,0.16,0.217492163009,0.09,?,CollegeStationcity,?,2,0.08,0.14,48,0.15
369,0.217460815047,0.09,0.12,0.217492163009,0.07,?,Florissantcity,?,2,0.08,0.33,29,0.32
370,0.217460815047,0.08,0.06,0.217492163009,0.6,?,Texarkanacity,?,2,0.05,0.23,48,0.32
371,0.217460815047,0.15,0.15,0.217492163009,0.18,?,Smyrnacity,?,2,0.05,0.48,13,0.5
372,0.217460815047,0.13,0.14,0.217492163009,0.03,78600,SunPrairiecity,25,2,0.0,0.31,55,0.3
373,0.217460815047,0.33,0.36,0.217492163009,0.04,37940,Hudsontown,11,2,0.02,0.43,33,0.41
374,0.217460815047,0.27,0.2,0.217492163009,0.51,?,Gainesvillecity,?,2,0.0,0.34,13,0.46
375,0.217460815047,1.0,1.0,0.217492163009,0.83,?,LaCanadaFlintridgecity,?,2,0.03,1.0,6,1.0
376,0.217460815047,0.61,0.6,0.217492163009,0.02,31240,Glastonburytown,3,2,0.03,0.72,9,0.71
377,0.217460815047,0.09,0.1,0.217492163009,0.08,?,Tooelecity,?,2,0.0,0.2,49,0.2
378,0.217460815047,0.84,0.55,0.217492163009,0.26,21480,Englewoodcity,3,2,0.04,0.71,34,1.0
379,0.217460815047,0.13,0.12,0.217492163009,0.23,?,NorthAugustacity,?,2,0.02,0.38,45,0.41
380,0.19,0.04,0.03,0.19,0.49,63624,Readingcity,11,2,0.12,0.2,42,0.23
381,0.217460815047,0.24,0.23,0.217492163009,0.03,?,Colliervilletown,?,2,0.0,0.39,47,0.41
382,0.217460815047,0.5,0.52,0.217492163009,0.04,15640,Cranfordtownship,39,2,0.04,0.6,34,0.59
383,0.217460815047,0.16,0.17,0.217492163009,0.15,?,Durangocity,?,2,0.0,0.21,8,0.22
384,0.27,0.33,0.36,0.27,0.54,21000,Elizabethcity,39,2,0.17,0.24,34,0.27
385,0.217460815047,0.09,0.09,0.217492163009,0.31,?,Brenhamcity,?,2,0.0,0.18,48,0.22
386,0.217460815047,0.42,0.44,0.217492163009,0.39,?,Chinocity,?,2,0.09,0.27,6,0.33
387,0.217460815047,0.08,0.06,0.217492163009,0.43,?,Kilgorecity,?,2,0.0,0.26,48,0.28
388,0.217460815047,0.32,0.34,0.217492163009,0.5,?,MorenoValleycity,?,2,0.19,0.28,6,0.3
389,0.217460815047,0.25,0.23,0.217492163009,0.03,?,Sylvaniacity,?,2,0.03,0.52,39,0.51
390,0.217460815047,1.0,1.0,0.217492163009,0.08,?,SanMarinocity,?,2,0.02,1.0,6,1.0
391,0.217460815047,0.17,0.18,0.217492163009,0.04,?,OakHarborcity,?,2,0.0,0.21,53,0.22
392,0.217460815047,0.12,0.12,0.217492163009,0.22,?,Jacksonvillecity,?,2,0.05,0.22,37,0.27
393,0.217460815047,0.11,0.1,0.217492163009,0.58,?,Conroecity,?,2,0.0,0.22,48,0.27
394,0.217460815047,0.6,0.48,0.217492163009,0.01,?,Colleyvillecity,?,2,0.02,0.92,48,0.89
395,0.217460815047,0.09,0.09,0.217492163009,0.1,?,Lewistoncity,?,2,0.0,0.26,16,0.25
396,0.1,0.06,0.04,0.1,0.39,?,Brownsvillecity,?,2,0.16,0.04,48,0.03
397,0.217460815047,0.2,0.2,0.217492163009,0.09,60120,Phoenixvilleborough,29,2,0.02,0.34,42,0.34
398,0.217460815047,0.29,0.24,0.217492163009,0.18,29744,Fredericksburgcity,630,2,0.03,0.3,51,0.34
399,0.217460815047,0.19,0.15,0.217492163009,0.8,?,Hallandalecity,?,2,0.05,0.4,12,0.45
400,0.217460815047,0.07,0.05,0.217492163009,1.0,47138,Mansfieldcity,139,3,0.08,0.23,39,0.24
401,0.29,0.07,0.08,0.29,0.4,53000,Milwaukeecity,79,3,0.99,0.2,55,0.28
402,0.217460815047,0.09,0.08,0.217492163009,0.05,?,Pinevillecity,?,3,0.02,0.16,22,0.2
403,0.217460815047,0.02,0.03,0.217492163009,0.21,?,GalenaParkcity,?,3,0.02,0.13,48,0.18
404,0.217460815047,0.28,0.26,0.217492163009,0.68,?,LosBanoscity,?,3,0.0,0.21,6,0.26
405,0.217460815047,0.18,0.11,0.217492163009,0.32,?,Avondalecity,?,3,0.0,0.13,4,0.2
406,0.217460815047,0.13,0.14,0.217492163009,0.2,12700,ColumbiaHeightscity,3,3,0.03,0.3,27,0.3
407,0.217460815047,0.08,0.09,0.217492163009,0.62,?,CommerceCitycity,?,3,0.03,0.12,8,0.12
408,0.2,0.12,0.1,0.2,0.53,?,RockyMountcity,?,3,0.08,0.25,37,0.42
409,0.217460815047,1.0,1.0,0.217492163009,0.25,?,MenloParkcity,?,3,0.04,0.86,6,0.98
410,0.217460815047,0.1,0.09,0.217492163009,1.0,?,FortPiercecity,?,3,0.06,0.16,12,0.3
411,0.217460815047,0.26,0.28,0.217492163009,0.2,47042,Middletowncity,71,3,0.0,0.29,36,0.3
412,0.217460815047,0.12,0.09,0.217492163009,0.21,?,Morgantoncity,?,3,0.0,0.26,37,0.28
413,0.4,0.09,0.08,0.4,1.0,4000,Baltimorecity,510,3,1.0,0.23,24,0.37
414,0.217460815047,0.26,0.25,0.217492163009,0.1,25560,Gallowaytownship,1,3,0.02,0.38,34,0.36
415,0.217460815047,0.12,0.13,0.217492163009,0.14,?,Sebastiancity,?,3,0.0,0.24,12,0.22
416,0.217460815047,0.1,0.09,0.217492163009,0.01,?,Greenfieldcity,?,3,0.0,0.25,18,0.24
417,0.217460815047,0.46,0.47,0.217492163009,0.13,22560,Fairviewborough,3,3,0.02,0.34,34,0.33
418,0.217460815047,0.4,0.4,0.217492163009,0.22,59735,Sandwichtown,1,3,0.0,0.42,25,0.41
419,0.217460815047,0.05,0.03,0.217492163009,0.1,?,Borgercity,?,3,0.0,0.23,48,0.25
420,0.217460815047,0.09,0.07,0.217492163009,1.0,?,Annistoncity,?,3,0.04,0.21,1,0.35
421,0.217460815047,0.34,0.39,0.217492163009,0.69,21990,Everettcity,17,3,0.06,0.31,25,0.3
422,0.217460815047,0.41,0.46,0.217492163009,0.06,52320,NorthArlingtonborough,3,3,0.02,0.45,34,0.45
423,0.217460815047,0.05,0.05,0.217492163009,0.66,?,Covingtoncity,?,3,0.07,0.17,21,0.18
424,0.217460815047,0.23,0.23,0.217492163009,0.03,72824,Springtownship,11,3,0.03,0.45,42,0.44
425,0.217460815047,0.05,0.06,0.217492163009,0.16,?,WhiteSettlementcity,?,3,0.02,0.19,48,0.19
426,0.217460815047,0.19,0.18,0.217492163009,0.0,16920,Cranberrytownship,19,3,0.0,0.39,42,0.37
427,0.217460815047,0.09,0.08,0.217492163009,0.76,?,Andersoncity,?,3,0.04,0.19,45,0.27
428,0.217460815047,0.13,0.12,0.217492163009,0.71,?,NewBraunfelscity,?,3,0.0,0.23,48,0.24
429,0.1,0.45,0.43,0.1,0.42,?,Oceansidecity,?,3,0.2,0.32,6,0.37
430,0.217460815047,0.41,0.37,0.217492163009,0.03,77000,Westerlytown,9,3,0.0,0.39,44,0.37
431,0.14,0.31,0.27,0.14,0.53,?,Sacramentocity,?,3,0.58,0.31,6,0.38
432,0.217460815047,0.15,0.17,0.217492163009,0.06,10375,BrownDeervillage,79,3,0.02,0.45,55,0.43
433,0.217460815047,0.07,0.06,0.217492163009,0.18,?,Meridiancity,?,3,0.0,0.19,28,0.33
434,0.217460815047,0.26,0.26,0.217492163009,0.04,86025,Windhamtown,5,3,0.0,0.34,23,0.32
435,0.217460815047,0.51,0.5,0.217492163009,0.1,79820,WestPatersonborough,31,3,0.02,0.55,34,0.5
436,0.217460815047,0.13,0.13,0.217492163009,0.06,63418,Romecity,65,3,0.07,0.21,36,0.21
437,0.217460815047,0.46,0.46,0.217492163009,0.04,65370,RockyHilltown,3,3,0.03,0.58,9,0.56
438,0.217460815047,0.8,0.79,0.217492163009,0.16,93170,SouthSanFranciscodivision,81,3,0.44,0.43,6,0.48
439,0.217460815047,0.09,0.08,0.217492163009,0.24,?,GrandJunctioncity,?,3,0.05,0.22,8,0.23
440,0.217460815047,0.17,0.18,0.217492163009,0.2,?,Longwoodcity,?,3,0.02,0.31,12,0.3
441,0.217460815047,0.12,0.1,0.217492163009,0.35,?,Columbiacity,?,3,0.0,0.25,47,0.29
442,0.217460815047,0.06,0.05,0.217492163009,0.04,?,Paragouldcity,?,3,0.0,0.18,5,0.17
443,0.217460815047,0.14,0.15,0.217492163009,0.05,79492,Vandaliacity,113,3,0.02,0.36,39,0.35
444,0.26,0.11,0.09,0.26,0.72,?,Galvestoncity,?,3,0.09,0.25,48,0.34
445,0.217460815047,0.1,0.09,0.217492163009,0.06,?,Tullahomacity,?,3,0.0,0.25,47,0.25
446,0.217460815047,0.08,0.08,0.217492163009,0.62,?,Ozarkcity,?,3,0.0,0.18,1,0.22
447,0.25,0.26,0.27,0.25,1.0,34450,Irvingtontownship,13,3,0.1,0.27,34,0.31
448,0.217460815047,0.93,0.82,0.217492163009,0.03,63000,Ridgewoodvillage,3,3,0.04,1.0,34,1.0
449,0.217460815047,0.25,0.26,0.217492163009,0.05,?,Centervillecity,?,3,0.03,0.57,39,0.55
450,0.217460815047,0.05,0.04,0.217492163009,0.63,?,Brownsvillecity,?,3,0.0,0.13,47,0.25
451,0.217460815047,0.06,0.06,0.217492163009,0.05,48500,Manitowoccity,71,3,0.0,0.24,55,0.24
452,0.217460815047,0.07,0.06,0.217492163009,0.2,?,Kannapoliscity,?,3,0.05,0.2,37,0.22
453,0.217460815047,0.05,0.04,0.217492163009,0.07,?,Richmondcity,?,3,0.0,0.2,18,0.2
454,0.17,0.07,0.05,0.17,0.64,?,Wacocity,?,3,0.16,0.17,48,0.22
455,0.217460815047,0.11,0.11,0.217492163009,0.1,?,Springvillecity,?,3,0.02,0.15,49,0.14
456,0.217460815047,0.1,0.11,0.217492163009,0.11,?,Raytowncity,?,3,0.05,0.33,29,0.32
457,0.217460815047,0.13,0.12,0.217492163009,1.0,?,Homesteadcity,?,3,0.04,0.16,12,0.21
458,0.217460815047,0.17,0.16,0.217492163009,0.07,?,FrontRoyaltown,?,3,0.0,0.24,51,0.23
459,0.217460815047,0.36,0.38,0.217492163009,0.02,43220,Londonderrytown,15,3,0.0,0.47,33,0.45
460,0.217460815047,0.11,0.1,0.217492163009,0.55,?,Covingtoncity,?,3,0.0,0.18,13,0.28
461,0.217460815047,0.21,0.21,0.217492163009,0.04,?,Beavercreekcity,?,3,0.05,0.45,39,0.43
462,0.217460815047,0.37,0.38,0.217492163009,1.0,?,Commercecity,?,3,0.02,0.13,6,0.2
463,0.217460815047,0.34,0.36,0.217492163009,0.37,54310,Plymouthtown,23,3,0.0,0.37,25,0.35
464,0.1,0.08,0.07,0.1,0.33,?,Spokanecity,?,3,0.28,0.25,53,0.25
465,0.217460815047,0.08,0.09,0.217492163009,0.09,?,CanonCitycity,?,3,0.0,0.17,8,0.16
466,0.217460815047,0.71,0.63,0.217492163009,0.28,69274,SouthOrangeVillagetownship,13,3,0.03,0.87,34,0.92
467,0.217460815047,1.0,1.0,0.217492163009,0.12,?,Millbraecity,?,3,0.03,0.57,6,0.59
468,0.217460815047,0.08,0.1,0.217492163009,0.15,29428,GarfieldHeightscity,35,3,0.05,0.25,39,0.25
469,0.217460815047,0.16,0.19,0.217492163009,0.03,4750,Bellmawrborough,7,3,0.02,0.31,34,0.3
470,0.18,0.24,0.21,0.18,0.22,?,Everettcity,?,3,0.11,0.3,53,0.3
471,0.217460815047,0.18,0.18,0.217492163009,0.05,?,Sandycity,?,3,0.12,0.26,49,0.25
472,0.217460815047,0.11,0.07,0.217492163009,0.78,?,Romecity,?,3,0.05,0.23,13,0.3
473,0.217460815047,0.17,0.12,0.217492163009,0.46,?,Hickorycity,?,3,0.04,0.35,37,0.4
474,0.217460815047,0.09,0.07,0.217492163009,0.34,?,Dublincity,?,3,0.0,0.2,13,0.35
475,0.217460815047,0.06,0.05,0.217492163009,0.22,?,Aberdeencity,?,3,0.0,0.23,53,0.22
476,0.217460815047,0.03,0.03,0.217492163009,0.14,6500,Beloitcity,105,3,0.06,0.21,55,0.24
477,0.1,0.65,0.64,0.1,0.37,?,MontereyParkcity,?,3,0.1,0.28,6,0.35
478,0.217460815047,0.08,0.08,0.217492163009,0.06,49675,Marshfieldcity,141,3,0.0,0.29,55,0.27
479,0.217460815047,0.06,0.06,0.217492163009,0.24,?,Shelbyvillecity,?,3,0.0,0.18,47,0.19
480,0.217460815047,0.09,0.11,0.217492163009,0.4,?,Edgewatercity,?,3,0.02,0.2,12,0.19
481,0.217460815047,0.52,0.5,0.217492163009,0.22,?,Temeculacity,?,3,0.0,0.4,6,0.4
482,0.217460815047,0.07,0.03,0.217492163009,0.69,?,Paducahcity,?,3,0.0,0.23,21,0.27
483,0.217460815047,0.15,0.15,0.217492163009,0.11,?,Eulesscity,?,3,0.06,0.39,48,0.4
484,0.217460815047,0.53,0.57,0.217492163009,0.02,84077,Yorktowntown,119,3,0.05,0.59,36,0.57
485,0.14,0.15,0.14,0.14,0.25,?,Austincity,?,3,0.74,0.31,48,0.39
486,0.217460815047,0.15,0.13,0.217492163009,0.1,?,Richlandcity,?,3,0.05,0.41,53,0.4
487,0.217460815047,0.11,0.11,0.217492163009,0.05,?,Fairborncity,?,3,0.05,0.27,39,0.26
488,0.217460815047,0.06,0.05,0.217492163009,0.16,?,Morristowncity,?,3,0.0,0.18,47,0.18
489,0.217460815047,0.19,0.18,0.217492163009,0.04,57870,Pennsvilletownship,33,3,0.02,0.36,34,0.35
490,0.217460815047,0.54,0.56,0.217492163009,0.01,53850,Oaklandborough,3,3,0.02,0.63,34,0.62
491,0.217460815047,0.05,0.05,0.217492163009,0.29,?,Vicksburgcity,?,3,0.0,0.15,28,0.35
492,0.217460815047,0.87,0.81,0.217492163009,0.1,68260,Sudburytown,17,3,0.02,0.98,25,0.95
493,0.19,0.64,0.65,0.19,0.05,77840,Waynetownship,31,3,0.07,0.69,34,0.67
494,0.217460815047,0.05,0.05,0.217492163009,0.36,?,Pascocity,?,3,0.03,0.1,53,0.16
495,0.217460815047,0.06,0.06,0.217492163009,0.22,?,Demingcity,?,3,0.0,0.09,35,0.1
496,0.19,0.66,0.65,0.19,0.17,56060,Norwalktown,1,3,0.12,0.62,9,0.67
497,0.217460815047,0.1,0.09,0.217492163009,0.15,49840,Middletowncity,17,3,0.07,0.27,39,0.28
498,0.217460815047,0.29,0.31,0.217492163009,0.14,37175,Ludlowtown,13,3,0.02,0.31,25,0.3
499,0.64,0.22,0.21,0.64,1.0,?,SanBernardinocity,?,3,0.26,0.19,6,0.26
500,0.217460815047,0.39,0.44,0.217492163009,0.1,81035,Woburncity,17,3,0.06,0.45,25,0.43
501,0.217460815047,0.11,0.1,0.217492163009,0.24,?,Jonesborocity,?,3,0.0,0.25,5,0.25
502,0.217460815047,0.45,0.48,0.217492163009,0.12,53680,Nutleytownship,13,3,0.04,0.5,34,0.49
503,0.217460815047,0.13,0.13,0.217492163009,0.04,?,RiverFallscity,?,3,0.0,0.23,55,0.23
504,0.15,0.08,0.07,0.15,0.21,?,MidwestCitycity,?,3,0.08,0.26,40,0.28
505,0.16,0.08,0.07,0.16,0.7,?,Knoxvillecity,?,3,0.26,0.24,47,0.26
506,0.217460815047,0.08,0.08,0.217492163009,0.13,44856,Loraincity,93,3,0.11,0.19,39,0.21
507,0.217460815047,0.19,0.19,0.217492163009,0.13,?,Beavertoncity,?,3,0.08,0.41,41,0.41
508,0.217460815047,0.03,0.03,0.217492163009,0.24,?,Freeportcity,?,3,0.0,0.13,48,0.17
509,0.217460815047,0.08,0.08,0.217492163009,0.04,60825,PresqueIslecity,3,3,0.0,0.21,23,0.2
510,0.217460815047,0.07,0.07,0.217492163009,0.14,?,Moorecity,?,3,0.06,0.22,40,0.22
511,0.17,0.09,0.1,0.17,0.22,39225,Kenoshacity,59,3,0.13,0.24,55,0.25
512,0.217460815047,0.08,0.07,0.217492163009,0.17,?,Chillicothecity,?,3,0.0,0.25,39,0.24
513,0.09,0.51,0.5,0.09,0.22,?,SantaRosacity,?,3,0.18,0.42,6,0.43
514,0.217460815047,0.11,0.09,0.217492163009,0.21,?,Bartlesvillecity,?,3,0.0,0.39,40,0.41
515,0.217460815047,0.37,0.38,0.217492163009,0.03,84192,WestWhitelandtownship,29,3,0.02,0.56,42,0.55
516,0.217460815047,0.36,0.41,0.217492163009,0.2,4695,Bellevilletownship,13,3,0.05,0.4,34,0.4
517,0.217460815047,0.1,0.08,0.217492163009,0.09,?,Russellvillecity,?,3,0.0,0.21,5,0.2
518,0.217460815047,0.13,0.13,0.217492163009,0.11,?,Brightoncity,?,3,0.0,0.24,8,0.21
519,0.217460815047,0.07,0.06,0.217492163009,0.0,93955,Spencercity,41,3,0.0,0.26,19,0.25
520,0.217460815047,0.2,0.2,0.217492163009,0.13,?,PembrokePinescity,?,3,0.1,0.4,12,0.39
521,0.217460815047,0.31,0.33,0.217492163009,0.17,35075,Leominstercity,27,3,0.06,0.37,25,0.36
522,0.2,0.13,0.12,0.2,0.46,18000,Columbuscity,49,3,1.0,0.27,39,0.31
523,0.217460815047,0.07,0.05,0.217492163009,0.24,?,Stuttgartcity,?,3,0.0,0.26,5,0.36
524,0.217460815047,0.08,0.08,0.217492163009,0.08,3078,Auburncity,11,3,0.0,0.19,36,0.2
525,0.02,0.18,0.18,0.02,0.66,?,Albuquerquecity,?,3,0.61,0.3,35,0.34
526,0.217460815047,0.06,0.05,0.217492163009,0.25,?,Americuscity,?,3,0.0,0.14,13,0.28
527,0.217460815047,0.09,0.1,0.217492163009,0.07,27815,Fultoncity,75,3,0.0,0.21,36,0.2
528,0.217460815047,0.37,0.42,0.217492163009,0.56,?,PicoRiveracity,?,3,0.09,0.18,6,0.19
529,0.217460815047,0.33,0.34,0.217492163009,0.0,73760,Warrentown,1,3,0.02,0.35,44,0.33
530,0.217460815047,0.53,0.57,0.217492163009,0.04,80270,Westwoodborough,3,3,0.02,0.54,34,0.54
531,0.217460815047,0.13,0.14,0.217492163009,0.15,?,Lovelandcity,?,3,0.0,0.28,8,0.27
532,0.2,0.08,0.07,0.2,0.41,77000,Toledocity,95,3,0.53,0.23,39,0.26
533,0.217460815047,0.87,0.81,0.217492163009,0.2,?,MorganHillcity,?,3,0.04,0.5,6,0.52
534,0.217460815047,0.06,0.05,0.217492163009,0.06,52584,Nanticokecity,79,3,0.02,0.19,42,0.18
535,0.217460815047,0.18,0.16,0.217492163009,0.2,?,Hanahancity,?,3,0.02,0.3,45,0.31
536,0.217460815047,0.13,0.14,0.217492163009,0.05,85350,WestBendcity,131,3,0.0,0.3,55,0.29
537,0.217460815047,0.27,0.27,0.217492163009,0.18,8950,Burlingtontownship,5,3,0.02,0.37,34,0.38
538,0.217460815047,0.4,0.46,0.217492163009,0.07,42090,Lyndhursttownship,3,3,0.03,0.43,34,0.42
539,0.217460815047,0.09,0.09,0.217492163009,0.91,?,NewBerncity,?,3,0.0,0.2,37,0.3
540,0.217460815047,0.27,0.27,0.217492163009,0.15,5616,Bensalemtownship,17,3,0.09,0.37,42,0.37
541,0.217460815047,0.68,0.68,0.217492163009,0.13,?,Cypresscity,?,3,0.07,0.48,6,0.49
542,0.217460815047,0.25,0.2,0.217492163009,0.03,41224,Lancastertownship,71,3,0.02,0.46,42,0.47
543,0.217460815047,0.55,0.53,0.217492163009,0.05,11315,Cantontown,21,3,0.03,0.58,25,0.56
544,0.28,0.37,0.37,0.28,0.36,74630,UnionCitycity,17,3,0.09,0.2,34,0.2
545,0.217460815047,0.37,0.43,0.217492163009,0.86,?,SantaFeSpringscity,?,3,0.02,0.21,6,0.23
546,0.217460815047,0.32,0.35,0.217492163009,0.11,69420,SouthRiverborough,23,3,0.02,0.38,34,0.38
547,0.217460815047,0.09,0.11,0.217492163009,0.18,?,Merrillvilletown,?,3,0.04,0.34,18,0.33
548,0.217460815047,0.21,0.19,0.217492163009,0.06,?,WestDesMoinescity,?,3,0.05,0.56,19,0.55
549,0.217460815047,0.18,0.19,0.217492163009,0.28,16749,Cohoescity,1,3,0.03,0.25,36,0.24
550,0.217460815047,0.17,0.18,0.217492163009,0.01,?,Urbandalecity,?,3,0.04,0.48,19,0.47
551,0.217460815047,0.11,0.12,0.217492163009,0.05,?,ForestGrovecity,?,3,0.02,0.19,41,0.2
552,0.217460815047,0.46,0.49,0.217492163009,0.52,?,Carsoncity,?,3,0.13,0.29,6,0.32
553,0.27,0.91,0.81,0.27,0.21,73070,Stamfordtown,1,3,0.17,0.76,9,0.86
554,0.217460815047,0.37,0.37,0.217492163009,0.04,19780,EastWindsortownship,21,3,0.0,0.55,34,0.55
555,0.217460815047,0.11,0.08,0.217492163009,0.55,?,Kinstoncity,?,3,0.0,0.18,37,0.36
556,0.217460815047,0.2,0.2,0.217492163009,0.01,65760,Sanfordtown,31,3,0.0,0.24,23,0.22
557,0.11,0.1,0.09,0.11,0.36,79000,Wichitacity,173,3,0.48,0.32,20,0.35
558,0.217460815047,0.78,0.72,0.217492163009,0.36,?,Montereycity,?,3,0.05,0.45,6,0.45
559,0.217460815047,1.0,1.0,0.217492163009,0.07,?,Belmontcity,?,3,0.04,0.71,6,0.69
560,0.217460815047,0.24,0.23,0.217492163009,0.85,1960,AsburyParkcity,25,3,0.03,0.21,34,0.37
561,0.217460815047,0.13,0.13,0.217492163009,0.08,?,Plainfieldtown,?,3,0.0,0.35,18,0.33
562,0.23,0.53,0.53,0.23,0.12,79800,WestOrangetownship,13,3,0.06,0.7,34,0.71
563,0.217460815047,0.1,0.08,0.217492163009,0.25,?,Florencecity,?,3,0.06,0.23,1,0.25
564,0.23,0.85,0.66,0.23,1.0,?,LosAngelescity,?,3,1.0,0.38,6,0.57
565,0.217460815047,0.09,0.09,0.217492163009,0.04,53380,Minotcity,101,3,0.0,0.23,38,0.23
566,0.217460815047,0.12,0.1,0.217492163009,0.36,?,Clevelandcity,?,3,0.0,0.24,47,0.24
567,0.217460815047,0.5,0.57,0.217492163009,0.41,?,Lakewoodcity,?,3,0.12,0.42,6,0.42
568,0.11,0.1,0.09,0.11,0.33,?,CorpusChristicity,?,3,0.41,0.23,48,0.25
569,0.217460815047,0.05,0.03,0.217492163009,0.33,?,Denisoncity,?,3,0.03,0.19,48,0.2
570,0.217460815047,0.79,0.74,0.217492163009,0.19,?,DiamondBarcity,?,3,0.08,0.56,6,0.58
571,0.217460815047,0.43,0.33,0.217492163009,0.14,?,PalmBeachGardenscity,?,3,0.04,0.72,12,0.69
572,0.17,0.3,0.31,0.17,0.07,19180,Cranstoncity,7,3,0.12,0.37,44,0.36
573,0.217460815047,0.23,0.21,0.217492163009,0.15,38077,Ithacacity,109,3,0.05,0.14,36,0.16
574,0.217460815047,0.22,0.22,0.217492163009,0.08,84528,Whitehalltownship,77,3,0.03,0.34,42,0.32
575,0.217460815047,0.18,0.19,0.217492163009,0.1,78932,UniversityHeightscity,35,3,0.02,0.47,39,0.47
576,0.217460815047,0.17,0.18,0.217492163009,0.04,44832,LowerAllentownship,41,3,0.02,0.45,42,0.47
577,0.217460815047,0.51,0.53,0.217492163009,0.04,56130,Readingtown,17,3,0.04,0.55,25,0.53
578,0.217460815047,0.08,0.08,0.217492163009,0.08,?,Lafayettecity,?,3,0.07,0.28,18,0.26
579,0.217460815047,0.34,0.38,0.217492163009,0.14,1220,Ansoniatown,9,3,0.03,0.33,9,0.34
580,0.217460815047,0.25,0.27,0.217492163009,0.04,3050,Barnegattownship,29,3,0.0,0.27,34,0.26
581,0.217460815047,0.52,0.56,0.217492163009,0.16,11200,CedarGrovetownship,13,3,0.02,0.62,34,0.62
582,0.217460815047,0.04,0.02,0.217492163009,0.27,?,Hannibalcity,?,3,0.0,0.17,29,0.16
583,0.217460815047,0.07,0.07,0.217492163009,0.13,29443,Gloversvillecity,35,3,0.0,0.19,36,0.18
584,0.14,0.38,0.37,0.14,0.09,12280,CherryHilltownship,7,3,0.11,0.66,34,0.67
585,0.217460815047,0.39,0.42,0.217492163009,0.09,67610,Seymourtown,9,3,0.02,0.44,9,0.43
586,0.22,0.11,0.09,0.22,0.56,?,Albanycity,?,3,0.12,0.18,13,0.36
587,0.217460815047,0.02,0.01,0.217492163009,0.52,?,Mercedescity,?,3,0.0,0.0,48,0.0
588,0.217460815047,0.21,0.2,0.217492163009,0.12,79000,UpperDarbytownship,45,3,0.13,0.35,42,0.35
589,0.217460815047,0.12,0.12,0.217492163009,0.12,?,Laramiecity,?,3,0.0,0.22,56,0.22
590,0.217460815047,0.02,0.01,0.217492163009,0.41,?,Okmulgeecity,?,3,0.0,0.1,40,0.14
591,0.28,0.04,0.04,0.28,0.87,32800,Harrisburgcity,43,3,0.08,0.2,42,0.31
592,0.217460815047,0.37,0.36,0.217492163009,0.01,?,Germantowncity,?,3,0.05,0.79,47,0.77
593,0.217460815047,0.36,0.4,0.217492163009,0.06,45900,Middlesexborough,23,3,0.02,0.47,34,0.45
594,0.217460815047,0.48,0.49,0.217492163009,0.03,54870,NorthHaventown,9,3,0.04,0.56,9,0.54
595,0.217460815047,0.06,0.05,0.217492163009,0.11,48244,Massilloncity,151,3,0.05,0.2,39,0.2
596,0.4,0.86,0.81,0.4,0.15,81677,WhitePlainscity,119,3,0.08,0.66,36,0.76
597,0.15,0.32,0.34,0.15,0.24,29405,Haverhillcity,9,3,0.08,0.35,25,0.35
598,0.217460815047,0.08,0.07,0.217492163009,0.21,?,Elkhartcity,?,3,0.07,0.28,18,0.3
599,0.217460815047,0.1,0.08,0.217492163009,0.03,?,Troycity,?,3,0.0,0.14,1,0.21
600,0.35,0.5,0.49,0.35,0.87,?,NewYorkcity,?,4,1.0,0.38,36,0.56
601,0.217460815047,0.68,0.63,0.217492163009,0.39,?,Monroviacity,?,4,0.06,0.35,6,0.42
602,0.217460815047,0.08,0.07,0.217492163009,0.23,18256,Corningcity,101,4,0.0,0.29,36,0.28
603,0.14,1.0,1.0,0.14,0.1,?,PaloAltocity,?,4,0.09,0.94,6,0.97
604,0.55,0.09,0.1,0.55,0.59,?,Sanfordcity,?,4,0.05,0.2,12,0.26
605,0.217460815047,0.09,0.11,0.217492163009,0.24,?,Erlangercity,?,4,0.03,0.28,21,0.27
606,0.217460815047,0.07,0.05,0.217492163009,0.13,?,Bluefieldcity,?,4,0.0,0.27,54,0.32
607,0.217460815047,0.09,0.11,0.217492163009,0.11,?,Portagecity,?,4,0.05,0.27,18,0.26
608,0.217460815047,0.09,0.1,0.217492163009,0.59,40189,Lackawannacity,29,4,0.03,0.19,36,0.2
609,0.217460815047,0.58,0.57,0.217492163009,0.01,44968,LowerMakefieldtownship,17,4,0.04,0.82,42,0.79
610,0.217460815047,0.63,0.6,0.217492163009,0.41,?,Uplandcity,?,4,0.1,0.5,6,0.53
611,0.217460815047,0.06,0.06,0.217492163009,0.13,85312,Williamsportcity,81,4,0.05,0.17,42,0.17
612,0.12,0.08,0.09,0.12,0.24,?,Independencecity,?,4,0.18,0.28,29,0.27
613,0.217460815047,0.38,0.41,0.217492163009,0.1,59105,Salemcity,9,4,0.06,0.38,25,0.38
614,0.217460815047,0.09,0.1,0.217492163009,0.4,?,RedBluffcity,?,4,0.0,0.16,6,0.17
615,0.217460815047,0.15,0.16,0.217492163009,0.82,29333,GlensFallscity,113,4,0.02,0.3,36,0.28
616,0.217460815047,0.17,0.17,0.217492163009,0.09,76106,Tallmadgecity,153,4,0.02,0.36,39,0.34
617,0.217460815047,0.09,0.09,0.217492163009,0.18,52980,RapidCitycity,103,4,0.09,0.25,46,0.26
618,0.217460815047,0.08,0.06,0.217492163009,0.16,?,Gaffneycity,?,4,0.0,0.19,45,0.28
619,0.217460815047,1.0,1.0,0.217492163009,0.13,?,RanchoPalosVerdescity,?,4,0.07,1.0,6,1.0
620,0.217460815047,0.15,0.12,0.217492163009,0.33,?,Carrolltoncity,?,4,0.0,0.22,13,0.28
621,0.217460815047,0.08,0.08,0.217492163009,0.06,22300,EauClairecity,35,4,0.09,0.22,55,0.22
622,0.217460815047,0.31,0.33,0.217492163009,0.1,48020,Milfordtown,11,4,0.0,0.39,33,0.37
623,0.217460815047,0.45,0.45,0.217492163009,0.04,5595,Beverlycity,9,4,0.06,0.46,25,0.44
624,0.217460815047,0.2,0.19,0.217492163009,0.23,?,Mercedcity,?,4,0.09,0.17,6,0.26
625,0.217460815047,0.12,0.13,0.217492163009,0.08,?,Cheyennecity,?,4,0.08,0.28,56,0.28
626,0.217460815047,0.32,0.32,0.217492163009,0.1,70320,Staffordtownship,29,4,0.0,0.32,34,0.3
627,0.217460815047,0.29,0.27,0.217492163009,0.01,8430,Brunswicktown,5,4,0.0,0.31,23,0.31
628,0.217460815047,0.14,0.11,0.217492163009,0.1,?,Kerrvillecity,?,4,0.0,0.28,48,0.3
629,0.217460815047,0.23,0.21,0.217492163009,0.17,29400,Glendalecity,79,4,0.02,0.46,55,0.46
630,0.16,0.02,0.02,0.16,0.89,?,Garycity,?,4,0.18,0.13,18,0.2
631,0.43,0.13,0.13,0.43,0.85,74000,Trentoncity,21,4,0.14,0.2,34,0.29
632,0.217460815047,0.14,0.12,0.217492163009,0.14,83680,Waynesborocity,820,4,0.0,0.28,51,0.29
633,0.217460815047,0.05,0.05,0.217492163009,0.32,?,MossPointcity,?,4,0.03,0.12,28,0.23
634,0.217460815047,0.07,0.05,0.217492163009,0.03,?,Glasgowcity,?,4,0.0,0.19,21,0.19
635,0.217460815047,0.18,0.19,0.217492163009,0.09,?,Tigardcity,?,4,0.05,0.4,41,0.39
636,0.217460815047,0.05,0.03,0.217492163009,0.2,?,Weslacocity,?,4,0.03,0.08,48,0.09
637,0.23,0.27,0.32,0.23,0.54,9000,Brocktoncity,23,4,0.15,0.28,25,0.31
638,0.17,0.58,0.42,0.17,0.15,?,BocaRatoncity,?,4,0.1,0.8,12,0.81
639,0.1,0.1,0.1,0.1,0.18,59020,SiouxFallscity,99,4,0.16,0.29,46,0.28
640,0.217460815047,0.12,0.12,0.217492163009,0.24,?,Dinubacity,?,4,0.0,0.11,6,0.16
641,0.35,0.3,0.32,0.35,0.94,37070,Hartfordtown,3,4,0.22,0.2,9,0.33
642,0.217460815047,0.08,0.09,0.217492163009,0.65,?,Saralandcity,?,4,0.02,0.23,1,0.23
643,0.217460815047,0.19,0.18,0.217492163009,0.06,?,Bountifulcity,?,4,0.06,0.32,49,0.3
644,0.217460815047,0.59,0.57,0.217492163009,0.05,60785,Sharontown,21,4,0.02,0.65,25,0.63
645,0.217460815047,0.11,0.11,0.217492163009,0.26,?,Ocoeecity,?,4,0.02,0.22,12,0.21
646,0.217460815047,0.02,0.01,0.217492163009,0.12,?,Donnacity,?,4,0.02,0.01,48,0.01
647,0.217460815047,0.52,0.59,0.217492163009,0.03,63360,RiverEdgeborough,3,4,0.02,0.62,34,0.61
648,0.217460815047,0.4,0.43,0.217492163009,0.41,?,Stantoncity,?,4,0.05,0.26,6,0.29
649,0.217460815047,0.09,0.09,0.217492163009,0.01,?,Hartsellecity,?,4,0.02,0.24,1,0.24
650,0.217460815047,0.13,0.11,0.217492163009,0.15,65392,Radfordcity,750,4,0.0,0.15,51,0.15
651,0.217460815047,0.72,0.71,0.217492163009,0.15,?,Breacity,?,4,0.05,0.56,6,0.56
652,0.217460815047,0.47,0.48,0.217492163009,0.04,71390,SouthWindsortown,3,4,0.03,0.61,9,0.59
653,0.217460815047,0.21,0.21,0.217492163009,0.03,87056,Yorktownship,133,4,0.02,0.44,42,0.42
654,0.217460815047,0.21,0.21,0.217492163009,0.06,61225,Rutlandcity,21,4,0.0,0.27,50,0.26
655,0.217460815047,0.43,0.46,0.217492163009,0.09,50250,Norwoodtown,21,4,0.05,0.45,25,0.43
656,0.217460815047,0.07,0.06,0.217492163009,0.28,?,Athenscity,?,4,0.0,0.17,47,0.17
657,0.217460815047,1.0,1.0,0.217492163009,0.07,?,Saratogacity,?,4,0.04,1.0,6,1.0
658,0.217460815047,1.0,1.0,0.217492163009,0.16,?,Arcadiacity,?,4,0.08,0.7,6,0.78
659,0.217460815047,0.04,0.04,0.217492163009,0.41,?,Huntingtoncity,?,4,0.0,0.21,18,0.2
660,0.217460815047,0.02,0.01,0.217492163009,0.22,?,SanBenitocity,?,4,0.03,0.04,48,0.05
661,0.217460815047,0.23,0.23,0.217492163009,0.03,?,Ballwincity,?,4,0.03,0.5,29,0.48
662,0.15,0.24,0.21,0.15,0.35,?,Raleighcity,?,4,0.33,0.4,37,0.49
663,0.217460815047,0.12,0.1,0.217492163009,0.63,?,FortWorthcity,?,4,0.71,0.27,48,0.37
664,0.217460815047,0.12,0.12,0.217492163009,0.09,?,GrantsPasscity,?,4,0.0,0.22,41,0.21
665,0.217460815047,0.91,0.97,0.217492163009,0.25,?,RedondoBeachcity,?,4,0.1,0.73,6,0.72
666,0.217460815047,0.08,0.08,0.217492163009,0.22,?,Hueytowncity,?,4,0.02,0.24,1,0.24
667,0.02,0.28,0.13,0.02,1.0,?,Atlantacity,?,4,0.62,0.35,13,0.87
668,0.217460815047,0.41,0.43,0.217492163009,0.36,?,Bellcity,?,4,0.05,0.06,6,0.08
669,0.37,0.38,0.41,0.37,0.81,7000,Bostoncity,25,4,0.91,0.36,25,0.46
670,0.217460815047,0.2,0.18,0.217492163009,0.27,?,YubaCitycity,?,4,0.04,0.23,6,0.26
671,0.217460815047,0.23,0.21,0.217492163009,0.07,43440,Mantuatownship,15,4,0.01,0.42,34,0.4
672,0.217460815047,0.11,0.12,0.217492163009,0.04,?,WestJordancity,?,4,0.07,0.15,49,0.14
673,0.217460815047,0.2,0.22,0.217492163009,0.61,14140,CentralFallscity,7,4,0.03,0.13,44,0.14
674,0.24,0.09,0.08,0.24,0.24,68000,Roanokecity,770,4,0.15,0.25,51,0.29
675,0.217460815047,0.01,0.01,0.217492163009,0.95,88000,Youngstowncity,99,4,0.15,0.11,39,0.16
676,0.23,0.09,0.08,0.23,0.81,?,Chattanoogacity,?,4,0.24,0.25,47,0.32
677,0.217460815047,0.18,0.18,0.217492163009,0.12,30140,Hopkinscity,53,4,0.03,0.41,27,0.4
678,0.217460815047,0.2,0.17,0.217492163009,1.0,?,Daniacity,?,4,0.02,0.27,12,0.35
679,0.217460815047,0.2,0.21,0.217492163009,0.05,56375,NewBerlincity,133,4,0.05,0.45,55,0.43
680,0.217460815047,0.09,0.11,0.217492163009,0.38,80990,WarrensvilleHeightscity,35,4,0.02,0.28,39,0.32
681,0.217460815047,0.42,0.4,0.217492163009,0.37,?,ElCajoncity,?,4,0.14,0.29,6,0.3
682,0.43,0.1,0.07,0.43,0.53,60000,Philadelphiacity,101,4,1.0,0.24,42,0.32
683,0.217460815047,0.13,0.14,0.217492163009,0.23,?,Rockledgecity,?,4,0.03,0.36,12,0.36
684,0.217460815047,0.11,0.11,0.217492163009,0.26,?,Bremertoncity,?,4,0.06,0.21,53,0.22
685,0.217460815047,0.5,0.53,0.217492163009,0.04,25230,Freeholdtownship,25,4,0.03,0.58,34,0.58
686,0.217460815047,0.23,0.2,0.217492163009,0.18,?,Prescottcity,?,4,0.0,0.3,4,0.29
687,0.217460815047,0.39,0.41,0.217492163009,0.62,?,HuntingtonParkcity,?,4,0.09,0.07,6,0.1
688,0.217460815047,0.1,0.09,0.217492163009,0.5,?,Yakimacity,?,4,0.09,0.22,53,0.25
689,0.217460815047,1.0,1.0,0.217492163009,0.14,?,Cupertinocity,?,4,0.06,0.83,6,0.86
690,0.217460815047,0.15,0.17,0.217492163009,0.06,?,Masoncity,?,4,0.02,0.37,39,0.35
691,0.18,0.12,0.12,0.18,0.54,64000,Portsmouthcity,740,4,0.16,0.2,51,0.29
692,0.217460815047,0.25,0.26,0.217492163009,0.61,?,NationalCitycity,?,4,0.09,0.12,6,0.18
693,0.68,0.09,0.07,0.68,0.35,?,Augustacity,?,4,0.07,0.18,13,0.38
694,0.217460815047,0.11,0.11,0.217492163009,0.38,?,Gallatincity,?,4,0.0,0.22,47,0.25
695,0.24,0.24,0.16,0.24,0.72,?,Dallascity,?,4,1.0,0.38,48,0.59
696,0.217460815047,0.61,0.6,0.217492163009,0.04,7720,Bridgewatertownship,35,4,0.05,0.72,34,0.7
697,0.217460815047,0.03,0.02,0.217492163009,0.09,?,Marioncity,?,4,0.0,0.18,39,0.17
698,0.13,0.08,0.07,0.13,0.51,?,Pasadenacity,?,4,0.19,0.25,48,0.26
699,0.217460815047,0.43,0.42,0.217492163009,0.54,?,BellGardenscity,?,4,0.07,0.03,6,0.05
700,0.217460815047,0.22,0.22,0.217492163009,0.45,?,Coltoncity,?,4,0.06,0.2,6,0.24
701,0.217460815047,0.07,0.08,0.217492163009,0.1,?,Albanycity,?,4,0.0,0.21,41,0.21
702,0.217460815047,0.06,0.06,0.217492163009,0.07,?,Hermistoncity,?,4,0.0,0.16,41,0.16
703,0.217460815047,0.3,0.28,0.217492163009,0.01,28240,Gorhamtown,5,4,0.01,0.3,23,0.29
704,0.2,1.0,1.0,0.2,0.16,?,NewportBeachcity,?,4,0.11,1.0,6,1.0
705,0.217460815047,0.29,0.28,0.217492163009,0.29,90672,Charlottesvilledistrict,3,4,0.02,0.45,51,0.46
706,0.217460815047,0.05,0.04,0.217492163009,0.42,1420,Alliancecity,151,4,0.0,0.16,39,0.17
707,0.217460815047,0.04,0.03,0.217492163009,0.18,?,McAlestercity,?,4,0.0,0.18,40,0.2
708,0.217460815047,0.48,0.34,0.217492163009,0.36,?,WinterParkcity,?,4,0.04,0.69,12,0.77
709,0.217460815047,0.22,0.24,0.217492163009,0.1,41440,Lansdowneborough,45,4,0.02,0.43,42,0.42
710,0.217460815047,0.17,0.17,0.217492163009,0.03,?,FortThomascity,?,4,0.03,0.39,21,0.37
711,0.12,0.05,0.05,0.12,0.62,74118,Springfieldcity,23,4,0.11,0.19,39,0.19
712,0.217460815047,0.15,0.18,0.217492163009,0.08,13456,CottageGrovecity,163,4,0.04,0.32,27,0.31
713,0.217460815047,0.13,0.12,0.217492163009,0.12,?,Georgetowncity,?,4,0.0,0.24,48,0.25
714,0.217460815047,0.06,0.04,0.217492163009,0.23,?,Somersetcity,?,4,0.0,0.17,21,0.16
715,0.217460815047,0.39,0.41,0.217492163009,0.18,5910,Bloomfieldtown,3,4,0.03,0.6,9,0.76
716,0.217460815047,0.5,0.52,0.217492163009,0.28,?,Covinacity,?,4,0.07,0.38,6,0.39
717,0.217460815047,0.14,0.15,0.217492163009,0.09,?,BlueSpringscity,?,4,0.06,0.33,29,0.31
718,0.217460815047,0.05,0.03,0.217492163009,0.2,?,Pampacity,?,4,0.0,0.27,48,0.29
719,0.217460815047,0.53,0.49,0.217492163009,0.09,54270,Oceantownship,25,4,0.04,0.58,34,0.58
720,0.217460815047,0.32,0.33,0.217492163009,0.16,62900,Portsmouthcity,15,4,0.04,0.36,33,0.36
721,0.217460815047,0.41,0.35,0.217492163009,0.06,?,LakeOswegocity,?,4,0.05,0.79,41,0.77
722,0.217460815047,0.72,0.71,0.217492163009,0.23,?,PacificGrovecity,?,4,0.03,0.49,6,0.49
723,0.217460815047,0.59,0.61,0.217492163009,0.82,?,Lawndalecity,?,4,0.04,0.29,6,0.34
724,0.217460815047,0.19,0.15,0.217492163009,0.15,11272,Carlisleborough,41,4,0.0,0.3,42,0.3
725,0.217460815047,0.85,0.72,0.217492163009,0.02,63264,Radnortownship,45,4,0.05,0.8,42,0.8
726,0.11,0.23,0.24,0.11,0.9,?,Comptoncity,?,4,0.14,0.09,6,0.02
727,0.22,0.08,0.07,0.22,0.34,?,Maconcity,?,4,0.17,0.22,13,0.37
728,0.217460815047,0.1,0.1,0.217492163009,0.01,57302,Norwalkcity,77,4,0.0,0.24,39,0.23
729,0.08,0.63,0.62,0.08,0.21,?,Downeycity,?,4,0.14,0.4,6,0.44
730,0.217460815047,0.05,0.05,0.217492163009,0.06,?,Grovescity,?,4,0.03,0.29,48,0.28
731,0.217460815047,0.28,0.24,0.217492163009,0.59,?,MiamiShoresvillage,?,4,0.02,0.56,12,0.67
732,0.217460815047,0.08,0.08,0.217492163009,0.66,?,Gretnacity,?,4,0.03,0.12,22,0.18
733,0.217460815047,0.07,0.08,0.217492163009,0.2,57386,Norwoodcity,61,4,0.04,0.2,39,0.19
734,0.217460815047,0.18,0.19,0.217492163009,0.1,?,RoyalPalmBeachvillage,?,4,0.02,0.36,12,0.35
735,0.217460815047,0.1,0.07,0.217492163009,0.4,?,Lumbertoncity,?,4,0.0,0.19,37,0.3
736,0.217460815047,0.05,0.04,0.217492163009,0.17,75816,Swissvaleborough,3,4,0.02,0.27,42,0.28
737,0.217460815047,0.46,0.46,0.217492163009,0.04,19700,Durhamtown,17,4,0.01,0.26,33,0.25
738,0.22,0.25,0.26,0.22,0.28,60545,Portlandcity,5,4,0.1,0.33,23,0.33
739,0.08,0.28,0.26,0.08,0.13,?,Planocity,?,4,0.2,0.57,48,0.58
740,0.21,0.7,0.61,0.21,0.27,1000,Alexandriacity,510,4,0.18,0.7,51,0.85
741,0.217460815047,0.36,0.37,0.217492163009,0.23,1185,Amesburytown,9,4,0.0,0.35,25,0.34
742,0.217460815047,0.1,0.08,0.217492163009,0.59,?,Shelbycity,?,4,0.0,0.23,37,0.35
743,0.217460815047,0.12,0.11,0.217492163009,0.12,?,Tupelocity,?,4,0.0,0.31,28,0.37
744,0.217460815047,1.0,1.0,0.217492163009,0.01,?,Danvillecity,?,4,0.05,0.9,6,0.89
745,0.217460815047,0.26,0.21,0.217492163009,0.23,?,Greenbeltcity,?,4,0.03,0.49,24,0.5
746,0.217460815047,0.05,0.05,0.217492163009,0.02,19620,Dickinsoncity,89,4,0.0,0.17,38,0.16
747,0.18,0.26,0.27,0.18,0.17,74300,Warwickcity,3,4,0.14,0.38,44,0.37
748,0.217460815047,0.12,0.12,0.217492163009,0.07,57260,Nortoncity,153,4,0.02,0.3,39,0.28
749,0.217460815047,0.29,0.28,0.217492163009,0.05,66175,SouthBurlingtoncity,7,4,0.02,0.51,50,0.5
750,0.217460815047,0.06,0.05,0.217492163009,0.12,?,DelRiocity,?,4,0.0,0.08,48,0.12
751,0.217460815047,0.65,0.64,0.217492163009,0.1,?,Dublincity,?,4,0.04,0.41,6,0.47
752,0.217460815047,0.07,0.06,0.217492163009,0.11,?,Owensborocity,?,4,0.08,0.22,21,0.22
753,0.217460815047,0.07,0.07,0.217492163009,0.1,77200,StevensPointcity,97,4,0.0,0.17,55,0.17
754,0.217460815047,0.38,0.42,0.217492163009,0.11,39625,Maynardtown,17,4,0.02,0.48,25,0.47
755,0.217460815047,0.11,0.11,0.217492163009,0.16,?,Kennewickcity,?,4,0.07,0.26,53,0.27
756,0.217460815047,0.12,0.13,0.217492163009,0.05,85036,Wickliffecity,85,4,0.02,0.31,39,0.3
757,0.217460815047,0.19,0.19,0.217492163009,0.24,?,Carrborotown,?,4,0.02,0.25,37,0.26
758,0.217460815047,0.48,0.44,0.217492163009,0.33,?,Duartecity,?,4,0.03,0.31,6,0.33
759,0.217460815047,0.14,0.12,0.217492163009,0.19,?,Bettendorfcity,?,4,0.04,0.43,19,0.42
760,0.217460815047,0.12,0.1,0.217492163009,0.19,?,SanMarcoscity,?,4,0.0,0.1,48,0.1
761,0.217460815047,0.13,0.13,0.217492163009,0.21,?,Bendcity,?,4,0.0,0.27,41,0.26
762,0.217460815047,0.31,0.34,0.217492163009,0.16,17440,Delrantownship,5,4,0.02,0.41,34,0.41
763,0.217460815047,0.44,0.44,0.217492163009,0.19,?,GroverCitycity,?,4,0.0,0.26,6,0.27
764,0.217460815047,0.34,0.37,0.217492163009,0.04,60120,Plainvilletown,3,4,0.03,0.41,9,0.4
765,0.217460815047,0.24,0.25,0.217492163009,0.05,77630,Waterfordtownship,7,4,0.01,0.32,34,0.32
766,0.217460815047,0.11,0.1,0.217492163009,0.34,?,Bryancity,?,4,0.09,0.22,48,0.27
767,0.217460815047,0.15,0.14,0.217492163009,0.23,?,NewSmyrnaBeachcity,?,4,0.03,0.32,12,0.33
768,0.217460815047,0.13,0.11,0.217492163009,0.1,?,Cookevillecity,?,4,0.0,0.23,47,0.22
769,0.217460815047,0.13,0.13,0.217492163009,0.24,?,Portervillecity,?,4,0.0,0.15,6,0.21
770,0.217460815047,0.12,0.1,0.217492163009,0.52,?,Dothancity,?,4,0.08,0.27,1,0.34
771,0.217460815047,0.62,0.64,0.217492163009,0.03,7180,Branchburgtownship,35,4,0.01,0.74,34,0.72
772,0.217460815047,0.06,0.05,0.217492163009,0.36,?,Hopkinsvillecity,?,4,0.0,0.18,21,0.23
773,0.217460815047,0.09,0.1,0.217492163009,0.0,55574,Oswegocity,75,4,0.0,0.23,36,0.22
774,0.217460815047,0.04,0.03,0.217492163009,0.24,?,Sedaliacity,?,4,0.0,0.18,29,0.18
775,0.217460815047,0.08,0.08,0.217492163009,0.3,?,RedBankcity,?,4,0.02,0.29,47,0.28
776,0.33,0.27,0.27,0.33,1.0,19390,EastOrangecity,13,4,0.12,0.25,34,0.33
777,0.21,0.15,0.17,0.21,0.43,65508,Schenectadycity,93,4,0.1,0.25,36,0.26
778,0.217460815047,0.14,0.15,0.217492163009,0.11,?,Murraycity,?,4,0.05,0.28,49,0.26
779,0.217460815047,0.05,0.04,0.217492163009,0.41,?,McMinnvillecity,?,4,0.0,0.16,47,0.15
780,0.217460815047,0.61,0.61,0.217492163009,0.22,?,Alhambracity,?,4,0.13,0.28,6,0.37
781,0.24,0.08,0.07,0.24,0.7,?,Jacksoncity,?,4,0.08,0.21,47,0.31
782,0.217460815047,0.19,0.19,0.217492163009,0.1,58350,Phillipsburgtown,41,4,0.02,0.24,34,0.23
783,0.17,0.06,0.04,0.17,0.61,?,PineBluffcity,?,4,0.09,0.15,5,0.29
784,0.217460815047,0.55,0.54,0.217492163009,0.06,56460,Parsippany-TroyHillstownship,27,4,0.08,0.58,34,0.59
785,0.217460815047,0.14,0.15,0.217492163009,0.12,?,Garnertown,?,4,0.02,0.38,37,0.41
786,0.28,0.98,0.71,0.28,0.41,11000,Cambridgecity,17,4,0.15,0.51,25,0.59
787,0.217460815047,0.31,0.32,0.217492163009,0.04,37720,Johnstontown,7,4,0.04,0.31,44,0.3
788,0.217460815047,0.34,0.32,0.217492163009,0.01,?,VestaviaHillscity,?,4,0.03,0.72,1,0.69
789,0.217460815047,0.5,0.51,0.217492163009,0.04,13150,Clarktownship,39,4,0.02,0.53,34,0.51
790,0.28,0.46,0.48,0.28,0.18,28680,Hackensackcity,3,4,0.06,0.52,34,0.61
791,0.217460815047,0.12,0.08,0.217492163009,0.47,?,LaGrangecity,?,4,0.0,0.24,13,0.37
792,0.217460815047,0.2,0.2,0.217492163009,0.03,31125,Greendalevillage,79,4,0.02,0.48,55,0.46
793,0.16,0.33,0.31,0.16,0.21,?,Plantationcity,?,4,0.11,0.57,12,0.57
794,0.217460815047,0.1,0.1,0.217492163009,0.13,?,Roseburgcity,?,4,0.0,0.21,41,0.2
795,0.217460815047,0.12,0.12,0.217492163009,0.25,?,PalmBaycity,?,4,0.1,0.26,12,0.26
796,0.217460815047,0.12,0.12,0.217492163009,0.02,59925,Onalaskacity,63,4,0.02,0.29,55,0.27
797,0.217460815047,0.07,0.06,0.217492163009,0.08,?,CoosBaycity,?,4,0.0,0.21,41,0.2
798,0.217460815047,0.07,0.05,0.217492163009,0.05,33408,Hazletoncity,79,4,0.0,0.22,42,0.2
799,0.217460815047,0.26,0.26,0.217492163009,0.05,?,Juneaucity,?,4,0.0,0.51,2,0.56
800,0.217460815047,0.39,0.42,0.217492163009,0.02,81048,Warringtontownship,17,5,0.02,0.43,42,0.41
801,0.217460815047,0.3,0.33,0.217492163009,0.27,49890,Neptunetownship,25,5,0.04,0.38,34,0.43
802,0.217460815047,0.23,0.22,0.217492163009,0.06,78800,WestDeptfordtownship,15,5,0.03,0.42,34,0.4
803,0.217460815047,0.06,0.05,0.217492163009,0.5,?,Jenningscity,?,5,0.0,0.1,22,0.13
804,0.217460815047,0.07,0.05,0.217492163009,0.28,?,Corsicanacity,?,5,0.0,0.2,48,0.27
805,0.217460815047,0.13,0.14,0.217492163009,0.12,?,Laceycity,?,5,0.03,0.28,53,0.28
806,0.217460815047,0.1,0.12,0.217492163009,0.1,?,Milwaukiecity,?,5,0.03,0.3,41,0.29
807,0.217460815047,0.11,0.1,0.217492163009,0.09,?,JeffersonCitycity,?,5,0.0,0.36,29,0.35
808,0.217460815047,0.16,0.17,0.217492163009,0.21,90741,ColoradoSpringsdivision,41,5,0.45,0.3,8,0.31
809,0.217460815047,0.13,0.13,0.217492163009,0.02,?,Rexburgcity,?,5,0.0,0.05,16,0.04
810,0.217460815047,0.05,0.04,0.217492163009,1.0,?,Palatkacity,?,5,0.0,0.1,12,0.2
811,0.217460815047,0.49,0.54,0.217492163009,0.24,?,BuenaParkcity,?,5,0.11,0.34,6,0.37
812,0.217460815047,0.16,0.15,0.217492163009,0.13,?,Olympiacity,?,5,0.05,0.35,53,0.35
813,0.217460815047,0.07,0.07,0.217492163009,0.1,?,Weirtoncity,?,5,0.03,0.3,54,0.28
814,0.217460815047,0.08,0.06,0.217492163009,0.12,?,Tahlequahcity,?,5,0.0,0.16,40,0.2
815,0.18,0.49,0.48,0.18,0.06,20230,Edisontownship,23,5,0.14,0.54,34,0.57
816,0.217460815047,0.19,0.21,0.217492163009,0.12,43740,MapleShadetownship,5,5,0.03,0.39,34,0.38
817,0.217460815047,0.5,0.5,0.217492163009,0.06,32310,Ipswichtown,9,5,0.0,0.52,25,0.5
818,0.217460815047,0.36,0.36,0.217492163009,0.22,52480,NorthSmithfieldtown,7,5,0.01,0.38,44,0.37
819,0.217460815047,0.1,0.09,0.217492163009,0.15,?,Statesborocity,?,5,0.0,0.14,13,0.18
820,0.217460815047,0.18,0.17,0.217492163009,0.03,50784,Moontownship,3,5,0.03,0.45,42,0.44
821,0.217460815047,0.08,0.06,0.217492163009,0.3,?,Hattiesburgcity,?,5,0.07,0.17,28,0.28
822,0.217460815047,0.06,0.05,0.217492163009,0.02,?,Marshallcity,?,5,0.0,0.19,29,0.19
823,0.217460815047,0.13,0.13,0.217492163009,0.05,?,LeagueCitycity,?,5,0.05,0.44,48,0.44
824,0.217460815047,0.52,0.53,0.217492163009,0.02,60330,Scituatetown,23,5,0.02,0.58,25,0.57
825,0.217460815047,0.98,0.85,0.217492163009,0.02,15060,Concordtown,17,5,0.02,0.91,25,0.93
826,0.217460815047,0.46,0.45,0.217492163009,0.07,?,Rocklincity,?,5,0.03,0.43,6,0.42
827,0.217460815047,0.33,0.3,0.217492163009,0.26,?,CocoaBeachcity,?,5,0.02,0.63,12,0.61
828,0.217460815047,0.06,0.04,0.217492163009,1.0,85188,Wilkinsburgborough,3,5,0.03,0.27,42,0.36
829,0.217460815047,0.28,0.29,0.217492163009,0.35,?,Turlockcity,?,5,0.0,0.23,6,0.25
830,0.217460815047,0.14,0.16,0.217492163009,0.08,?,PortOrangecity,?,5,0.06,0.28,12,0.27
831,0.217460815047,0.38,0.42,0.217492163009,0.03,52140,Newingtontown,3,5,0.05,0.5,9,0.48
832,0.217460815047,0.35,0.34,0.217492163009,0.02,70880,Tivertontown,5,5,0.01,0.37,44,0.36
833,0.217460815047,0.13,0.13,0.217492163009,0.03,69584,Shalertownship,3,5,0.05,0.37,42,0.36
834,0.217460815047,0.4,0.31,0.217492163009,0.11,?,NorthPalmBeachvillage,?,5,0.02,0.75,12,0.72
835,0.217460815047,0.18,0.19,0.217492163009,0.29,?,Atwatercity,?,5,0.0,0.18,6,0.19
836,0.217460815047,0.07,0.05,0.217492163009,0.79,74608,Steubenvillecity,81,5,0.03,0.21,39,0.21
837,0.217460815047,0.92,0.85,0.217492163009,0.13,?,SanClementecity,?,5,0.07,0.64,6,0.64
838,0.26,1.0,1.0,0.26,0.02,33620,Greenwichtown,1,5,0.08,1.0,9,1.0
839,0.217460815047,0.23,0.23,0.217492163009,0.01,81168,Warwicktownship,71,5,0.01,0.34,42,0.32
840,0.12,0.12,0.13,0.12,0.23,?,Mesquitecity,?,5,0.16,0.31,48,0.31
841,0.217460815047,0.26,0.27,0.217492163009,1.0,?,SanPablocity,?,5,0.04,0.18,6,0.2
842,0.217460815047,0.56,0.6,0.217492163009,0.33,?,Newarkcity,?,5,0.06,0.4,6,0.42
843,0.21,0.05,0.06,0.21,0.58,?,Hammondcity,?,5,0.13,0.22,18,0.23
844,0.217460815047,0.09,0.11,0.217492163009,0.18,?,PinellasParkcity,?,5,0.07,0.26,12,0.25
845,0.09,0.38,0.41,0.09,0.5,?,Salinascity,?,5,0.17,0.21,6,0.3
846,0.217460815047,0.08,0.06,0.217492163009,0.4,?,Lenoircity,?,5,0.0,0.23,37,0.26
847,0.217460815047,0.13,0.12,0.217492163009,0.34,?,Farmingtoncity,?,5,0.0,0.24,35,0.28
848,0.217460815047,0.14,0.15,0.217492163009,0.05,?,GroveCitycity,?,5,0.03,0.31,39,0.29
849,0.217460815047,1.0,1.0,0.217492163009,0.04,?,LosAltoscity,?,5,0.04,1.0,6,1.0
850,0.217460815047,0.5,0.5,0.217492163009,0.06,?,Daviscity,?,5,0.07,0.35,6,0.38
851,0.217460815047,0.36,0.37,0.217492163009,0.04,17800,Coventrytown,13,5,0.0,0.43,9,0.42
852,0.217460815047,0.02,0.01,0.217492163009,0.05,56456,OilCitycity,121,5,0.0,0.19,42,0.17
853,0.217460815047,0.25,0.21,0.217492163009,0.01,62148,Perrysburgcity,173,5,0.02,0.55,39,0.53
854,0.217460815047,0.07,0.05,0.217492163009,0.31,?,Harlingencity,?,5,0.08,0.14,48,0.15
855,0.217460815047,0.11,0.1,0.217492163009,0.62,?,Cambridgecity,?,5,0.0,0.2,24,0.27
856,0.217460815047,0.2,0.19,0.217492163009,0.2,?,Flagstaffcity,?,5,0.0,0.22,4,0.24
857,0.217460815047,0.13,0.11,0.217492163009,0.6,?,Wilsoncity,?,5,0.0,0.23,37,0.39
858,0.217460815047,0.04,0.04,0.217492163009,0.97,43554,Limacity,3,5,0.07,0.15,39,0.17
859,0.217460815047,0.04,0.03,0.217492163009,0.28,?,Alicecity,?,5,0.0,0.11,48,0.12
860,0.217460815047,0.2,0.2,0.217492163009,0.13,6088,Bethlehemcity,77,5,0.03,0.35,42,0.34
861,0.217460815047,0.06,0.06,0.217492163009,0.07,?,Douglascity,?,5,0.0,0.05,4,0.06
862,0.217460815047,0.09,0.09,0.217492163009,0.26,?,Asheborocity,?,5,0.0,0.25,37,0.26
863,0.217460815047,0.08,0.08,0.217492163009,0.07,?,Hobartcity,?,5,0.03,0.32,18,0.31
864,0.217460815047,0.05,0.05,0.217492163009,0.29,?,EaglePasscity,?,5,0.0,0.02,48,0.04
865,0.217460815047,0.07,0.05,0.217492163009,0.04,?,VanBurencity,?,5,0.02,0.15,5,0.14
866,0.217460815047,0.11,0.09,0.217492163009,0.85,?,RockHillcity,?,5,0.07,0.22,45,0.29
867,0.72,0.17,0.14,0.72,0.76,?,Sarasotacity,?,5,0.08,0.38,12,0.43
868,0.12,0.16,0.16,0.12,0.17,?,Irvingcity,?,5,0.25,0.39,48,0.43
869,0.2,0.13,0.11,0.2,0.65,?,Gainesvillecity,?,5,0.13,0.22,12,0.27
870,0.217460815047,0.13,0.16,0.217492163009,0.54,?,LauderdaleLakescity,?,5,0.04,0.21,12,0.25
871,0.217460815047,0.13,0.13,0.217492163009,0.36,?,Tularecity,?,5,0.0,0.16,6,0.22
872,0.217460815047,0.3,0.27,0.217492163009,0.13,?,Kellercity,?,5,0.02,0.52,48,0.5
873,0.217460815047,0.22,0.22,0.217492163009,0.18,?,FlowerMoundtown,?,5,0.02,0.48,48,0.47
874,0.67,0.24,0.18,0.67,0.35,?,Mariettacity,?,5,0.07,0.37,13,0.42
875,0.217460815047,0.17,0.18,0.217492163009,0.06,?,Benbrookcity,?,5,0.03,0.51,48,0.5
876,0.217460815047,0.11,0.07,0.217492163009,0.28,?,Eufaulacity,?,5,0.0,0.2,1,0.29
877,0.217460815047,0.4,0.34,0.217492163009,0.28,?,ChapelHilltown,?,5,0.06,0.38,37,0.42
878,0.217460815047,0.14,0.14,0.217492163009,0.08,?,Miamisburgcity,?,5,0.03,0.29,39,0.28
879,0.217460815047,0.1,0.09,0.217492163009,0.14,?,Murraycity,?,5,0.0,0.16,21,0.15
880,0.217460815047,0.24,0.21,0.217492163009,0.1,?,Paradisetown,?,5,0.0,0.26,6,0.25
881,0.217460815047,0.11,0.1,0.217492163009,0.06,?,Simpsonvilletown,?,5,0.02,0.29,45,0.29
882,0.217460815047,0.81,0.81,0.217492163009,0.06,?,Pleasantoncity,?,5,0.08,0.68,6,0.66
883,0.217460815047,0.05,0.04,0.217492163009,0.48,?,Muskogeecity,?,5,0.0,0.18,40,0.22
884,0.217460815047,0.06,0.07,0.217492163009,0.09,?,Clarksvilletown,?,5,0.03,0.24,18,0.23
885,0.217460815047,0.6,0.56,0.217492163009,0.19,?,Whittiercity,?,5,0.12,0.44,6,0.49
886,0.08,0.51,0.54,0.08,0.26,?,WestCovinacity,?,5,0.15,0.37,6,0.41
887,0.217460815047,0.14,0.14,0.217492163009,0.02,84512,Whitehallborough,3,5,0.02,0.44,42,0.42
888,0.217460815047,0.25,0.23,0.217492163009,0.08,?,Munstertown,?,5,0.03,0.56,18,0.52
889,0.217460815047,0.41,0.4,0.217492163009,0.22,?,Rosevillecity,?,5,0.07,0.42,6,0.4
890,0.24,1.0,1.0,0.24,0.2,9175,Brooklinetown,21,5,0.09,0.82,25,0.86
891,0.217460815047,0.41,0.41,0.217492163009,0.03,77152,Towamencintownship,91,5,0.02,0.49,42,0.48
892,0.217460815047,0.2,0.21,0.217492163009,0.03,?,Snellvillecity,?,5,0.02,0.42,13,0.41
893,0.217460815047,0.08,0.09,0.217492163009,0.02,7580,Brookingscity,11,5,0.0,0.16,46,0.15
894,0.217460815047,0.11,0.11,0.217492163009,0.11,?,Conwaycity,?,5,0.0,0.18,5,0.19
895,0.217460815047,0.23,0.21,0.217492163009,0.08,?,Madisoncity,?,5,0.02,0.5,1,0.52
896,0.217460815047,0.1,0.11,0.217492163009,0.24,?,Millingtoncity,?,5,0.0,0.14,47,0.15
897,0.217460815047,0.29,0.3,0.217492163009,0.22,56270,Norwichtown,11,5,0.06,0.33,9,0.33
898,0.217460815047,0.06,0.06,0.217492163009,0.5,?,SulphurSpringscity,?,5,0.0,0.18,48,0.19
899,0.217460815047,0.13,0.13,0.217492163009,0.26,?,Hagerstowncity,?,5,0.06,0.22,24,0.22
900,0.217460815047,0.18,0.17,0.217492163009,0.09,54875,MountPleasanttown,101,5,0.03,0.42,55,0.42
901,0.98,0.15,0.16,0.98,0.02,?,CrownPointcity,?,5,0.03,0.36,18,0.35
902,0.217460815047,0.28,0.25,0.217492163009,0.55,65255,SaratogaSpringscity,91,5,0.0,0.37,36,0.36
903,0.217460815047,0.49,0.42,0.217492163009,0.18,48340,Narragansetttown,9,5,0.0,0.41,44,0.39
904,0.217460815047,0.69,0.69,0.217492163009,0.09,?,MissionViejocity,?,5,0.12,0.65,6,0.65
905,0.217460815047,0.31,0.33,0.217492163009,0.09,17940,Derrytown,15,5,0.0,0.41,33,0.39
906,0.12,0.46,0.47,0.12,0.46,?,Haywardcity,?,5,0.18,0.34,6,0.37
907,0.217460815047,0.45,0.45,0.217492163009,0.04,31470,HighlandParkborough,23,5,0.02,0.54,34,0.57
908,0.217460815047,0.11,0.11,0.217492163009,0.07,19775,DePerecity,9,5,0.03,0.33,55,0.31
909,0.25,0.1,0.09,0.25,1.0,?,KansasCitycity,?,5,0.69,0.3,29,0.37
910,0.217460815047,1.0,1.0,0.217492163009,0.04,32640,Holmdeltownship,25,5,0.01,0.94,34,0.92
911,0.217460815047,0.09,0.11,0.217492163009,0.04,?,Independencecity,?,5,0.02,0.25,21,0.24
912,0.217460815047,0.23,0.21,0.217492163009,0.13,17720,Cumrutownship,11,5,0.02,0.48,42,0.46
913,0.217460815047,0.49,0.48,0.217492163009,0.16,43335,LongBeachcity,59,5,0.05,0.54,36,0.57
914,0.217460815047,0.13,0.12,0.217492163009,0.04,?,Logancity,?,5,0.05,0.14,49,0.14
915,0.217460815047,0.21,0.21,0.217492163009,0.12,?,Louisvillecity,?,5,0.0,0.45,8,0.43
916,0.19,0.56,0.53,0.19,0.09,82590,WestHartfordtown,3,5,0.1,0.75,9,0.75
917,0.217460815047,0.08,0.07,0.217492163009,0.53,?,Tuskegeecity,?,5,0.0,0.08,1,0.2
918,0.217460815047,0.08,0.07,0.217492163009,0.14,?,Pocatellocity,?,5,0.07,0.21,16,0.21
919,0.09,0.33,0.27,0.09,0.1,?,Scottsdalecity,?,5,0.2,0.63,4,0.62
920,0.217460815047,0.15,0.15,0.217492163009,0.45,?,Stuartcity,?,5,0.02,0.38,12,0.43
921,0.217460815047,0.85,0.78,0.217492163009,0.03,5560,Bernardstownship,35,5,0.02,0.98,34,0.97
922,0.217460815047,0.32,0.35,0.217492163009,0.28,46925,Northbridgetown,27,5,0.02,0.31,25,0.29
923,0.22,0.39,0.44,0.22,0.15,6260,Bloomfieldtownship,13,5,0.07,0.47,34,0.46
924,0.217460815047,0.02,0.0,0.217492163009,0.39,?,Sweetwatercity,?,5,0.0,0.14,48,0.18
925,0.217460815047,0.06,0.05,0.217492163009,0.03,?,Crawfordsvillecity,?,5,0.0,0.21,18,0.2
926,0.217460815047,0.97,0.95,0.217492163009,0.23,?,SanRafaelcity,?,5,0.08,0.66,6,0.71
927,0.217460815047,0.05,0.03,0.217492163009,0.1,?,ElkCitycity,?,5,0.0,0.18,40,0.19
928,0.217460815047,0.06,0.05,0.217492163009,0.22,?,Fairmontcity,?,5,0.0,0.19,54,0.19
929,0.217460815047,0.67,0.72,0.217492163009,0.26,?,Pacificacity,?,5,0.06,0.46,6,0.48
930,0.217460815047,0.35,0.35,0.217492163009,0.03,66200,Smithfieldtown,7,5,0.03,0.35,44,0.34
931,0.217460815047,0.13,0.14,0.217492163009,0.43,?,Barstowcity,?,5,0.0,0.23,6,0.26
932,0.217460815047,1.0,1.0,0.217492163009,0.11,?,LosGatostown,?,5,0.04,0.98,6,0.96
933,0.217460815047,0.37,0.41,0.217492163009,0.1,69390,SouthPlainfieldborough,23,5,0.03,0.44,34,0.43
934,0.217460815047,0.21,0.2,0.217492163009,0.03,51575,Middletoncity,25,5,0.02,0.42,55,0.41
935,0.217460815047,0.69,0.62,0.217492163009,0.07,46365,NorthAndovertown,9,5,0.03,0.61,25,0.58
936,0.217460815047,0.2,0.18,0.217492163009,0.16,?,FarmersBranchcity,?,5,0.04,0.41,48,0.45
937,0.217460815047,0.58,0.61,0.217492163009,0.06,4615,Bedfordtown,17,5,0.02,0.67,25,0.66
938,0.217460815047,0.08,0.08,0.217492163009,0.18,?,TwinFallscity,?,5,0.0,0.21,16,0.21
939,0.217460815047,0.16,0.14,0.217492163009,0.06,?,Hilliardcity,?,5,0.02,0.37,39,0.36
940,0.217460815047,0.05,0.05,0.217492163009,0.2,54716,Oleancity,9,5,0.0,0.21,36,0.2
941,0.217460815047,0.08,0.09,0.217492163009,0.14,?,Alvincity,?,5,0.0,0.25,48,0.28
942,0.217460815047,0.18,0.19,0.217492163009,0.15,?,Homewoodcity,?,5,0.04,0.43,1,0.43
943,0.217460815047,0.83,0.82,0.217492163009,0.04,48090,Morristownship,27,5,0.03,1.0,34,1.0
944,0.217460815047,0.18,0.2,0.217492163009,0.16,57510,Pembertontownship,5,5,0.0,0.25,34,0.25
945,0.25,0.12,0.11,0.25,0.64,15000,Cincinnaticity,61,5,0.58,0.25,39,0.35
946,0.217460815047,0.88,0.89,0.217492163009,0.2,?,Walnutcity,?,5,0.05,0.47,6,0.52
947,0.217460815047,0.17,0.14,0.217492163009,0.65,?,Greenvillecity,?,5,0.07,0.24,37,0.33
948,0.217460815047,0.08,0.09,0.217492163009,0.17,?,CopperasCovecity,?,5,0.04,0.15,48,0.15
949,0.217460815047,1.0,1.0,0.217492163009,0.14,?,Coronadocity,?,5,0.04,0.58,6,0.62
950,0.217460815047,0.33,0.35,0.217492163009,0.27,71620,Uxbridgetown,27,5,0.01,0.39,25,0.38
951,0.217460815047,0.03,0.03,0.217492163009,0.12,?,Connersvillecity,?,5,0.0,0.19,18,0.18
952,0.217460815047,0.11,0.1,0.217492163009,0.74,?,Orangeburgcity,?,5,0.0,0.16,45,0.41
953,0.217460815047,0.27,0.24,0.217492163009,0.73,?,SouthMiamicity,?,5,0.02,0.41,12,0.54
954,0.217460815047,0.35,0.37,0.217492163009,0.24,30210,Harrisontown,17,5,0.02,0.29,34,0.29
955,0.217460815047,0.03,0.03,0.217492163009,1.0,?,Prichardcity,?,5,0.05,0.02,1,0.1
956,0.217460815047,0.1,0.11,0.217492163009,0.03,31010,Goshentownship,25,5,0.01,0.21,39,0.19
957,0.217460815047,1.0,0.98,0.217492163009,1.0,?,WestHollywoodcity,?,5,0.06,0.66,6,0.66
958,0.217460815047,0.01,0.01,0.217492163009,0.21,53368,NewCastlecity,73,5,0.0,0.14,42,0.14
959,0.18,0.11,0.1,0.18,0.25,?,Columbuscity,215,5,0.27,0.23,13,0.32
960,0.217460815047,0.05,0.07,0.217492163009,0.26,?,Shivelycity,?,5,0.02,0.24,21,0.23
961,0.19,0.13,0.11,0.19,0.51,?,Tuscaloosacity,?,5,0.12,0.22,1,0.3
962,0.217460815047,0.09,0.11,0.217492163009,0.01,92036,Indianolacity,181,5,0.0,0.24,19,0.23
963,0.217460815047,0.48,0.49,0.217492163009,0.03,4300,Berlintown,3,5,0.02,0.51,9,0.5
964,0.217460815047,0.33,0.29,0.217492163009,0.01,59608,Peterstownship,125,5,0.02,0.66,42,0.63
965,0.217460815047,0.08,0.09,0.217492163009,0.16,?,LaPortecity,?,5,0.04,0.32,48,0.32
966,0.17,0.08,0.05,0.17,0.52,?,Beaumontcity,?,5,0.18,0.26,48,0.39
967,0.217460815047,0.25,0.25,0.217492163009,0.1,?,Gilberttown,?,5,0.05,0.33,4,0.33
968,0.217460815047,0.13,0.15,0.217492163009,0.24,?,Casselberrycity,?,5,0.03,0.3,12,0.29
969,0.217460815047,0.15,0.13,0.217492163009,0.3,?,Cartersvillecity,?,5,0.0,0.31,13,0.35
970,0.35,0.04,0.04,0.35,0.69,16000,Clevelandcity,35,5,0.8,0.14,39,0.19
971,0.217460815047,0.48,0.47,0.217492163009,0.09,46820,Northboroughtown,27,5,0.02,0.61,25,0.59
972,0.217460815047,0.05,0.04,0.217492163009,0.22,?,Bedfordcity,?,5,0.0,0.24,18,0.23
973,0.27,0.33,0.35,0.27,0.65,59190,Plainfieldcity,39,5,0.07,0.33,34,0.46
974,0.21,0.4,0.45,0.21,0.17,74480,Uniontownship,39,5,0.08,0.46,34,0.45
975,0.217460815047,0.3,0.34,0.217492163009,0.09,30455,Holbrooktown,21,5,0.02,0.35,25,0.35
976,0.217460815047,0.13,0.14,0.217492163009,0.77,?,CollegeParkcity,?,5,0.03,0.18,13,0.35
977,0.217460815047,0.07,0.07,0.217492163009,0.33,?,Westwegocity,?,5,0.02,0.1,22,0.12
978,0.29,0.27,0.26,0.29,0.38,59000,Providencecity,7,5,0.25,0.23,44,0.28
979,0.217460815047,0.15,0.16,0.217492163009,0.07,2100,Augustacity,11,5,0.0,0.28,23,0.26
980,1.0,0.09,0.1,1.0,0.19,?,OregonCitycity,?,5,0.02,0.24,41,0.23
981,0.217460815047,0.16,0.14,0.217492163009,0.09,80740,Watervillecity,11,5,0.0,0.23,23,0.22
982,0.217460815047,0.08,0.07,0.217492163009,0.21,?,Winchestercity,?,5,0.0,0.19,21,0.19
983,0.217460815047,0.14,0.15,0.217492163009,0.08,37772,Jacksontownship,49,5,0.03,0.31,39,0.3
984,0.217460815047,0.29,0.31,0.217492163009,0.1,51760,NorthProvidencetown,7,5,0.05,0.39,44,0.38
985,0.217460815047,0.33,0.31,0.217492163009,0.05,72632,SouthWhitehalltownship,77,5,0.02,0.52,42,0.51
986,0.217460815047,0.58,0.61,0.217492163009,0.23,?,UnionCitycity,?,5,0.09,0.33,6,0.39
987,0.217460815047,0.52,0.56,0.217492163009,0.08,75815,Veronatownship,13,5,0.02,0.76,34,0.74
988,0.217460815047,0.7,0.65,0.217492163009,0.02,30210,Hinghamtown,23,5,0.03,0.71,25,0.69
989,0.217460815047,0.04,0.04,0.217492163009,0.08,43100,Mitchellcity,35,5,0.0,0.17,46,0.17
990,0.217460815047,0.08,0.08,0.217492163009,0.12,?,Urbanacity,?,5,0.0,0.25,39,0.24
991,0.217460815047,0.12,0.1,0.217492163009,0.4,?,Valdostacity,?,5,0.0,0.21,13,0.34
992,0.217460815047,0.11,0.11,0.217492163009,0.45,?,Grahamcity,?,5,0.02,0.24,37,0.25
993,0.217460815047,0.03,0.03,0.217492163009,0.05,49300,Marinettecity,75,5,0.0,0.18,55,0.17
994,0.217460815047,0.97,0.78,0.217492163009,0.03,60900,Princetonborough,21,5,0.0,0.56,34,0.63
995,0.217460815047,0.08,0.06,0.217492163009,0.36,?,Thomasvillecity,?,5,0.03,0.2,37,0.23
996,0.217460815047,0.09,0.1,0.217492163009,0.08,?,Rogerscity,?,5,0.0,0.26,5,0.25
997,0.217460815047,0.05,0.04,0.217492163009,0.07,?,Sterlingcity,?,5,0.0,0.17,8,0.17
998,0.217460815047,0.3,0.33,0.217492163009,1.0,?,Lynwoodcity,?,5,0.1,0.07,6,0.07
